file,scene_id,task_idx,step_id,error_type,old_action,new_action,old_atomic_step,new_atomic_step,reason
00009-vLpv2VX547B\tasks-island_0.json,00009-vLpv2VX547B,37,3,ROLLBACK,straighten,fluff,Straighten items on the couch.,Fluff items on the couch.,R02 was over-correction; couch/sofa items ARE fluffable
00009-vLpv2VX547B\tasks-island_0.json,00009-vLpv2VX547B,170,3,ROLLBACK,straighten,fluff,Straighten items on the couch.,Fluff items on the couch.,R02 was over-correction; couch/sofa items ARE fluffable
00022-gmuS7Wgsbrx\tasks-island_0.json,00022-gmuS7Wgsbrx,141,4,ROLLBACK,straighten,fluff,Straighten the sofa seat.,Fluff the sofa seat.,R02 was over-correction; couch/sofa items ARE fluffable
00031-Wo6kuutE9i7\tasks-island_0.json,00031-Wo6kuutE9i7,25,4,ROLLBACK,straighten,fluff,Straighten the armchair.,Fluff the armchair.,R02 was over-correction; couch/sofa items ARE fluffable
00033-oPj9qMxrDEa\tasks-island_0.json,00033-oPj9qMxrDEa,18,3,ROLLBACK,straighten,fluff,Straighten items on the armchair.,Fluff items on the armchair.,R02 was over-correction; couch/sofa items ARE fluffable
00034-6imZUJGRUq4\tasks-island_0.json,00034-6imZUJGRUq4,49,2,ROLLBACK,straighten,fluff,Straighten the armchair.,Fluff the armchair.,R02 was over-correction; couch/sofa items ARE fluffable
00034-6imZUJGRUq4\tasks-island_0.json,00034-6imZUJGRUq4,75,5,ROLLBACK,straighten,fluff,Straighten items on the couch.,Fluff items on the couch.,R02 was over-correction; couch/sofa items ARE fluffable
00034-6imZUJGRUq4\tasks-island_0.json,00034-6imZUJGRUq4,131,1,ROLLBACK,straighten,fluff,Straighten items on the couch.,Fluff items on the couch.,R02 was over-correction; couch/sofa items ARE fluffable
00057-1UnKg1rAb8A\tasks-island_0.json,00057-1UnKg1rAb8A,0,2,ROLLBACK,straighten,fluff,Straighten items on the armchair.,Fluff items on the armchair.,R02 was over-correction; couch/sofa items ARE fluffable
00057-1UnKg1rAb8A\tasks-island_1.json,00057-1UnKg1rAb8A,6,1,ROLLBACK,straighten,fluff,Straighten items on the couch.,Fluff items on the couch.,R02 was over-correction; couch/sofa items ARE fluffable
00057-1UnKg1rAb8A\tasks-island_1.json,00057-1UnKg1rAb8A,12,1,ROLLBACK,straighten,fluff,Straighten items on the couch.,Fluff items on the couch.,R02 was over-correction; couch/sofa items ARE fluffable
00062-ACZZiU6BXLz\tasks-island_0.json,00062-ACZZiU6BXLz,47,1,ROLLBACK,straighten,fluff,Straighten the couch.,Fluff the couch.,R02 was over-correction; couch/sofa items ARE fluffable
00062-ACZZiU6BXLz\tasks-island_0.json,00062-ACZZiU6BXLz,133,5,ROLLBACK,straighten,fluff,Straighten the couch.,Fluff the couch.,R02 was over-correction; couch/sofa items ARE fluffable
00062-ACZZiU6BXLz\tasks-island_0.json,00062-ACZZiU6BXLz,156,4,ROLLBACK,straighten,fluff,Straighten the couch.,Fluff the couch.,R02 was over-correction; couch/sofa items ARE fluffable
00064-gQgtJ9Stk5s\tasks-island_0.json,00064-gQgtJ9Stk5s,2,2,ROLLBACK,straighten,fluff,Straighten items on the sofa chair.,Fluff items on the sofa chair.,R02 was over-correction; couch/sofa items ARE fluffable
00081-5biL7VEkByM\tasks-island_1.json,00081-5biL7VEkByM,48,2,ROLLBACK,straighten,fluff,Straighten the sofa.,Fluff the sofa.,R02 was over-correction; couch/sofa items ARE fluffable
00081-5biL7VEkByM\tasks-island_1.json,00081-5biL7VEkByM,69,3,ROLLBACK,straighten,fluff,Straighten items on the sofa.,Fluff items on the sofa.,R02 was over-correction; couch/sofa items ARE fluffable
00081-5biL7VEkByM\tasks-island_1.json,00081-5biL7VEkByM,76,1,ROLLBACK,straighten,fluff,Straighten the sofa.,Fluff the sofa.,R02 was over-correction; couch/sofa items ARE fluffable
00081-5biL7VEkByM\tasks-island_1.json,00081-5biL7VEkByM,112,1,ROLLBACK,straighten,fluff,Straighten the sofa.,Fluff the sofa.,R02 was over-correction; couch/sofa items ARE fluffable
00081-5biL7VEkByM\tasks-island_1.json,00081-5biL7VEkByM,116,5,ROLLBACK,straighten,fluff,Straighten the sofa.,Fluff the sofa.,R02 was over-correction; couch/sofa items ARE fluffable
00081-5biL7VEkByM\tasks-island_1.json,00081-5biL7VEkByM,129,1,ROLLBACK,straighten,fluff,Straighten the sofa.,Fluff the sofa.,R02 was over-correction; couch/sofa items ARE fluffable
00081-5biL7VEkByM\tasks-island_1.json,00081-5biL7VEkByM,147,1,ROLLBACK,straighten,fluff,Straighten the sofa.,Fluff the sofa.,R02 was over-correction; couch/sofa items ARE fluffable
00081-5biL7VEkByM\tasks-island_1.json,00081-5biL7VEkByM,156,2,ROLLBACK,straighten,fluff,Straighten the sofa.,Fluff the sofa.,R02 was over-correction; couch/sofa items ARE fluffable
00081-5biL7VEkByM\tasks-island_1.json,00081-5biL7VEkByM,180,1,ROLLBACK,straighten,fluff,Straighten the sofa.,Fluff the sofa.,R02 was over-correction; couch/sofa items ARE fluffable
00081-5biL7VEkByM\tasks-island_1.json,00081-5biL7VEkByM,192,2,ROLLBACK,straighten,fluff,Straighten the sofa.,Fluff the sofa.,R02 was over-correction; couch/sofa items ARE fluffable
00081-5biL7VEkByM\tasks-island_1.json,00081-5biL7VEkByM,202,7,ROLLBACK,straighten,fluff,Straighten the sofa.,Fluff the sofa.,R02 was over-correction; couch/sofa items ARE fluffable
00081-5biL7VEkByM\tasks-island_1.json,00081-5biL7VEkByM,206,2,ROLLBACK,straighten,fluff,Straighten the sofa.,Fluff the sofa.,R02 was over-correction; couch/sofa items ARE fluffable
00081-5biL7VEkByM\tasks-island_1.json,00081-5biL7VEkByM,214,7,ROLLBACK,straighten,fluff,Straighten the sofa.,Fluff the sofa.,R02 was over-correction; couch/sofa items ARE fluffable
00081-5biL7VEkByM\tasks-island_1.json,00081-5biL7VEkByM,218,5,ROLLBACK,straighten,fluff,Straighten the sofa.,Fluff the sofa.,R02 was over-correction; couch/sofa items ARE fluffable
00081-5biL7VEkByM\tasks-island_1.json,00081-5biL7VEkByM,220,7,ROLLBACK,straighten,fluff,Straighten the sofa.,Fluff the sofa.,R02 was over-correction; couch/sofa items ARE fluffable
00081-5biL7VEkByM\tasks-island_1.json,00081-5biL7VEkByM,222,4,ROLLBACK,straighten,fluff,Straighten the sofa.,Fluff the sofa.,R02 was over-correction; couch/sofa items ARE fluffable
00081-5biL7VEkByM\tasks-island_1.json,00081-5biL7VEkByM,228,2,ROLLBACK,straighten,fluff,Straighten the sofa.,Fluff the sofa.,R02 was over-correction; couch/sofa items ARE fluffable
00081-5biL7VEkByM\tasks-island_1.json,00081-5biL7VEkByM,254,4,ROLLBACK,straighten,fluff,Straighten the sofa.,Fluff the sofa.,R02 was over-correction; couch/sofa items ARE fluffable
00099-226REUyJh2K\tasks-island_1.json,00099-226REUyJh2K,29,4,ROLLBACK,straighten,fluff,Straighten the couch.,Fluff the couch.,R02 was over-correction; couch/sofa items ARE fluffable
00149-UuwwmrTsfBN\tasks-island_0.json,00149-UuwwmrTsfBN,107,6,ROLLBACK,straighten,fluff,Straighten the sofa.,Fluff the sofa.,R02 was over-correction; couch/sofa items ARE fluffable
00150-LcAd9dhvVwh\tasks-island_0.json,00150-LcAd9dhvVwh,92,1,ROLLBACK,straighten,fluff,Straighten the couch.,Fluff the couch.,R02 was over-correction; couch/sofa items ARE fluffable
00150-LcAd9dhvVwh\tasks-island_0.json,00150-LcAd9dhvVwh,174,6,ROLLBACK,straighten,fluff,Straighten the armchair.,Fluff the armchair.,R02 was over-correction; couch/sofa items ARE fluffable
00168-bHKTDQFJxTw\tasks-island_0.json,00168-bHKTDQFJxTw,10,2,ROLLBACK,straighten,fluff,Straighten the couch.,Fluff the couch.,R02 was over-correction; couch/sofa items ARE fluffable
00168-bHKTDQFJxTw\tasks-island_0.json,00168-bHKTDQFJxTw,83,4,ROLLBACK,straighten,fluff,Straighten the couch.,Fluff the couch.,R02 was over-correction; couch/sofa items ARE fluffable
00168-bHKTDQFJxTw\tasks-island_0.json,00168-bHKTDQFJxTw,94,4,ROLLBACK,straighten,fluff,Straighten the couch.,Fluff the couch.,R02 was over-correction; couch/sofa items ARE fluffable
00168-bHKTDQFJxTw\tasks-island_0.json,00168-bHKTDQFJxTw,98,3,ROLLBACK,straighten,fluff,Straighten the couch.,Fluff the couch.,R02 was over-correction; couch/sofa items ARE fluffable
00168-bHKTDQFJxTw\tasks-island_0.json,00168-bHKTDQFJxTw,143,4,ROLLBACK,straighten,fluff,Straighten the couch.,Fluff the couch.,R02 was over-correction; couch/sofa items ARE fluffable
00172-bB6nKqfsb1z\tasks-island_0.json,00172-bB6nKqfsb1z,42,1,ROLLBACK,straighten,fluff,Straighten items on the couch.,Fluff items on the couch.,R02 was over-correction; couch/sofa items ARE fluffable
00172-bB6nKqfsb1z\tasks-island_0.json,00172-bB6nKqfsb1z,63,1,ROLLBACK,straighten,fluff,Straighten items on the couch.,Fluff items on the couch.,R02 was over-correction; couch/sofa items ARE fluffable
00172-bB6nKqfsb1z\tasks-island_0.json,00172-bB6nKqfsb1z,104,1,ROLLBACK,straighten,fluff,Straighten items on the couch.,Fluff items on the couch.,R02 was over-correction; couch/sofa items ARE fluffable
00172-bB6nKqfsb1z\tasks-island_0.json,00172-bB6nKqfsb1z,131,3,ROLLBACK,straighten,fluff,Straighten the couch.,Fluff the couch.,R02 was over-correction; couch/sofa items ARE fluffable
00172-bB6nKqfsb1z\tasks-island_0.json,00172-bB6nKqfsb1z,147,5,ROLLBACK,straighten,fluff,Straighten the couch.,Fluff the couch.,R02 was over-correction; couch/sofa items ARE fluffable
00172-bB6nKqfsb1z\tasks-island_0.json,00172-bB6nKqfsb1z,170,2,ROLLBACK,straighten,fluff,Straighten the couch.,Fluff the couch.,R02 was over-correction; couch/sofa items ARE fluffable
00173-qZ4B7U6XE5Y\tasks-island_0.json,00173-qZ4B7U6XE5Y,29,2,ROLLBACK,straighten,fluff,Straighten the couch.,Fluff the couch.,R02 was over-correction; couch/sofa items ARE fluffable
00173-qZ4B7U6XE5Y\tasks-island_0.json,00173-qZ4B7U6XE5Y,72,2,ROLLBACK,straighten,fluff,Straighten the couch.,Fluff the couch.,R02 was over-correction; couch/sofa items ARE fluffable
00173-qZ4B7U6XE5Y\tasks-island_1.json,00173-qZ4B7U6XE5Y,14,6,ROLLBACK,straighten,fluff,Straighten the couch.,Fluff the couch.,R02 was over-correction; couch/sofa items ARE fluffable
00177-VSxVP19Cdyw\tasks-island_0.json,00177-VSxVP19Cdyw,73,1,ROLLBACK,straighten,fluff,Straighten the sofa.,Fluff the sofa.,R02 was over-correction; couch/sofa items ARE fluffable
00177-VSxVP19Cdyw\tasks-island_0.json,00177-VSxVP19Cdyw,141,3,ROLLBACK,straighten,fluff,Straighten the sofa.,Fluff the sofa.,R02 was over-correction; couch/sofa items ARE fluffable
00177-VSxVP19Cdyw\tasks-island_0.json,00177-VSxVP19Cdyw,146,4,ROLLBACK,straighten,fluff,Straighten the sofa.,Fluff the sofa.,R02 was over-correction; couch/sofa items ARE fluffable
00238-j6fHrce9pHR\tasks-island_0.json,00238-j6fHrce9pHR,361,2,ROLLBACK,straighten,fluff,Straighten items on the sofa seat.,Fluff items on the sofa seat.,R02 was over-correction; couch/sofa items ARE fluffable
00250-U3oQjwTuMX8\tasks-island_0.json,00250-U3oQjwTuMX8,65,2,ROLLBACK,straighten,fluff,Straighten items on the couch.,Fluff items on the couch.,R02 was over-correction; couch/sofa items ARE fluffable
00250-U3oQjwTuMX8\tasks-island_0.json,00250-U3oQjwTuMX8,87,1,ROLLBACK,straighten,fluff,Straighten the couch.,Fluff the couch.,R02 was over-correction; couch/sofa items ARE fluffable
00251-wsAYBFtQaL7\tasks-island_0.json,00251-wsAYBFtQaL7,245,3,ROLLBACK,straighten,fluff,Straighten items on the l-shaped sofa.,Fluff items on the l-shaped sofa.,R02 was over-correction; couch/sofa items ARE fluffable
00251-wsAYBFtQaL7\tasks-island_0.json,00251-wsAYBFtQaL7,273,5,ROLLBACK,straighten,fluff,Straighten the couch.,Fluff the couch.,R02 was over-correction; couch/sofa items ARE fluffable
00255-NGyoyh91xXJ\tasks-island_0.json,00255-NGyoyh91xXJ,85,2,ROLLBACK,straighten,fluff,Straighten items on the armchair.,Fluff items on the armchair.,R02 was over-correction; couch/sofa items ARE fluffable
00255-NGyoyh91xXJ\tasks-island_0.json,00255-NGyoyh91xXJ,134,4,ROLLBACK,straighten,fluff,Straighten the sofa.,Fluff the sofa.,R02 was over-correction; couch/sofa items ARE fluffable
00263-GGBvSFddQgs\tasks-island_1.json,00263-GGBvSFddQgs,10,3,ROLLBACK,straighten,fluff,Straighten items on the sofa set.,Fluff items on the sofa set.,R02 was over-correction; couch/sofa items ARE fluffable
00269-JNiWU5TZLtt\tasks-island_0.json,00269-JNiWU5TZLtt,3,3,ROLLBACK,straighten,fluff,Straighten the armchair.,Fluff the armchair.,R02 was over-correction; couch/sofa items ARE fluffable
00269-JNiWU5TZLtt\tasks-island_0.json,00269-JNiWU5TZLtt,122,2,ROLLBACK,straighten,fluff,Straighten items on the couch.,Fluff items on the couch.,R02 was over-correction; couch/sofa items ARE fluffable
00269-JNiWU5TZLtt\tasks-island_0.json,00269-JNiWU5TZLtt,133,4,ROLLBACK,straighten,fluff,Straighten items on the couch.,Fluff items on the couch.,R02 was over-correction; couch/sofa items ARE fluffable
00294-PPTLa8SkUfo\tasks-island_0.json,00294-PPTLa8SkUfo,48,1,ROLLBACK,straighten,fluff,Straighten the couch.,Fluff the couch.,R02 was over-correction; couch/sofa items ARE fluffable
00294-PPTLa8SkUfo\tasks-island_0.json,00294-PPTLa8SkUfo,141,1,ROLLBACK,straighten,fluff,Straighten items on the couch.,Fluff items on the couch.,R02 was over-correction; couch/sofa items ARE fluffable
00294-PPTLa8SkUfo\tasks-island_0.json,00294-PPTLa8SkUfo,216,3,ROLLBACK,straighten,fluff,Straighten the couch.,Fluff the couch.,R02 was over-correction; couch/sofa items ARE fluffable
00294-PPTLa8SkUfo\tasks-island_0.json,00294-PPTLa8SkUfo,261,6,ROLLBACK,straighten,fluff,Straighten items on the armchair.,Fluff items on the armchair.,R02 was over-correction; couch/sofa items ARE fluffable
00299-bdp1XNEdvmW\tasks-island_0.json,00299-bdp1XNEdvmW,106,3,ROLLBACK,straighten,fluff,Straighten the couch.,Fluff the couch.,R02 was over-correction; couch/sofa items ARE fluffable
00299-bdp1XNEdvmW\tasks-island_0.json,00299-bdp1XNEdvmW,136,6,ROLLBACK,straighten,fluff,Straighten the couch.,Fluff the couch.,R02 was over-correction; couch/sofa items ARE fluffable
00304-X6Pct1msZv5\tasks-island_0.json,00304-X6Pct1msZv5,5,4,ROLLBACK,straighten,fluff,Straighten the couch.,Fluff the couch.,R02 was over-correction; couch/sofa items ARE fluffable
00304-X6Pct1msZv5\tasks-island_0.json,00304-X6Pct1msZv5,17,3,ROLLBACK,straighten,fluff,Straighten the couch.,Fluff the couch.,R02 was over-correction; couch/sofa items ARE fluffable
00304-X6Pct1msZv5\tasks-island_0.json,00304-X6Pct1msZv5,122,2,ROLLBACK,straighten,fluff,Straighten the couch.,Fluff the couch.,R02 was over-correction; couch/sofa items ARE fluffable
00307-vDfkYo5VqEQ\tasks-island_0.json,00307-vDfkYo5VqEQ,81,7,ROLLBACK,straighten,fluff,Straighten the sofa chair.,Fluff the sofa chair.,R02 was over-correction; couch/sofa items ARE fluffable
00307-vDfkYo5VqEQ\tasks-island_0.json,00307-vDfkYo5VqEQ,87,6,ROLLBACK,straighten,fluff,Straighten the couch.,Fluff the couch.,R02 was over-correction; couch/sofa items ARE fluffable
00307-vDfkYo5VqEQ\tasks-island_0.json,00307-vDfkYo5VqEQ,98,2,ROLLBACK,straighten,fluff,Straighten the couch.,Fluff the couch.,R02 was over-correction; couch/sofa items ARE fluffable
00307-vDfkYo5VqEQ\tasks-island_0.json,00307-vDfkYo5VqEQ,108,6,ROLLBACK,straighten,fluff,Straighten the sofa chair.,Fluff the sofa chair.,R02 was over-correction; couch/sofa items ARE fluffable
00313-PE6kVEtrxtj\tasks-island_0.json,00313-PE6kVEtrxtj,17,4,ROLLBACK,straighten,fluff,Straighten the armchair.,Fluff the armchair.,R02 was over-correction; couch/sofa items ARE fluffable
00326-u9rPN5cHWBg\tasks-island_0.json,00326-u9rPN5cHWBg,170,1,ROLLBACK,straighten,fluff,Straighten items on the couch.,Fluff items on the couch.,R02 was over-correction; couch/sofa items ARE fluffable
00326-u9rPN5cHWBg\tasks-island_0.json,00326-u9rPN5cHWBg,198,1,ROLLBACK,straighten,fluff,Straighten the couch.,Fluff the couch.,R02 was over-correction; couch/sofa items ARE fluffable
00327-xgLmjqzoAzF\tasks-island_0.json,00327-xgLmjqzoAzF,151,3,ROLLBACK,straighten,fluff,Straighten items on the sofa chair.,Fluff items on the sofa chair.,R02 was over-correction; couch/sofa items ARE fluffable
00378-DqJKU7YU7dA\tasks-island_1.json,00378-DqJKU7YU7dA,148,3,ROLLBACK,straighten,fluff,Straighten the couch.,Fluff the couch.,R02 was over-correction; couch/sofa items ARE fluffable
00378-DqJKU7YU7dA\tasks-island_1.json,00378-DqJKU7YU7dA,289,3,ROLLBACK,straighten,fluff,Straighten items on the couch.,Fluff items on the couch.,R02 was over-correction; couch/sofa items ARE fluffable
00382-S7uMvxjBVZq\tasks-island_0.json,00382-S7uMvxjBVZq,7,1,ROLLBACK,straighten,fluff,Straighten items on the couch.,Fluff items on the couch.,R02 was over-correction; couch/sofa items ARE fluffable
00382-S7uMvxjBVZq\tasks-island_0.json,00382-S7uMvxjBVZq,138,3,ROLLBACK,straighten,fluff,Straighten the couch.,Fluff the couch.,R02 was over-correction; couch/sofa items ARE fluffable
00386-b3WpMbPFB6q\tasks-island_0.json,00386-b3WpMbPFB6q,57,1,ROLLBACK,straighten,fluff,Straighten items on the sofa.,Fluff items on the sofa.,R02 was over-correction; couch/sofa items ARE fluffable
00386-b3WpMbPFB6q\tasks-island_0.json,00386-b3WpMbPFB6q,78,1,ROLLBACK,straighten,fluff,Straighten the sofa.,Fluff the sofa.,R02 was over-correction; couch/sofa items ARE fluffable
00386-b3WpMbPFB6q\tasks-island_0.json,00386-b3WpMbPFB6q,85,3,ROLLBACK,straighten,fluff,Straighten the sofa.,Fluff the sofa.,R02 was over-correction; couch/sofa items ARE fluffable
00386-b3WpMbPFB6q\tasks-island_0.json,00386-b3WpMbPFB6q,101,1,ROLLBACK,straighten,fluff,Straighten the sofa.,Fluff the sofa.,R02 was over-correction; couch/sofa items ARE fluffable
00386-b3WpMbPFB6q\tasks-island_0.json,00386-b3WpMbPFB6q,175,1,ROLLBACK,straighten,fluff,Straighten the sofa.,Fluff the sofa.,R02 was over-correction; couch/sofa items ARE fluffable
00386-b3WpMbPFB6q\tasks-island_0.json,00386-b3WpMbPFB6q,204,1,ROLLBACK,straighten,fluff,Straighten the sofa.,Fluff the sofa.,R02 was over-correction; couch/sofa items ARE fluffable
00404-QN2dRqwd84J\tasks-island_0.json,00404-QN2dRqwd84J,66,5,ROLLBACK,straighten,fluff,Straighten the sofa.,Fluff the sofa.,R02 was over-correction; couch/sofa items ARE fluffable
00407-NPHxDe6VeCc\tasks-island_1.json,00407-NPHxDe6VeCc,166,4,ROLLBACK,straighten,fluff,Straighten the couch.,Fluff the couch.,R02 was over-correction; couch/sofa items ARE fluffable
00410-v7DzfFFEpsD\tasks-island_1.json,00410-v7DzfFFEpsD,73,1,ROLLBACK,straighten,fluff,Straighten the sofa.,Fluff the sofa.,R02 was over-correction; couch/sofa items ARE fluffable
00410-v7DzfFFEpsD\tasks-island_1.json,00410-v7DzfFFEpsD,89,5,ROLLBACK,straighten,fluff,Straighten the sofa.,Fluff the sofa.,R02 was over-correction; couch/sofa items ARE fluffable
00410-v7DzfFFEpsD\tasks-island_1.json,00410-v7DzfFFEpsD,176,2,ROLLBACK,straighten,fluff,Straighten the sofa.,Fluff the sofa.,R02 was over-correction; couch/sofa items ARE fluffable
00414-77mMEyxhs44\tasks-island_1.json,00414-77mMEyxhs44,3,2,ROLLBACK,straighten,fluff,Straighten items on the sofa.,Fluff items on the sofa.,R02 was over-correction; couch/sofa items ARE fluffable
00414-77mMEyxhs44\tasks-island_1.json,00414-77mMEyxhs44,116,7,ROLLBACK,straighten,fluff,Straighten the sofa.,Fluff the sofa.,R02 was over-correction; couch/sofa items ARE fluffable
00414-77mMEyxhs44\tasks-island_1.json,00414-77mMEyxhs44,140,5,ROLLBACK,straighten,fluff,Straighten the sofa.,Fluff the sofa.,R02 was over-correction; couch/sofa items ARE fluffable
00414-77mMEyxhs44\tasks-island_1.json,00414-77mMEyxhs44,153,4,ROLLBACK,straighten,fluff,Straighten the sofa.,Fluff the sofa.,R02 was over-correction; couch/sofa items ARE fluffable
00440-wPLokgvCnuk\tasks-island_0.json,00440-wPLokgvCnuk,62,3,ROLLBACK,straighten,fluff,Straighten the sofa.,Fluff the sofa.,R02 was over-correction; couch/sofa items ARE fluffable
00444-sX9xad6ULKc\tasks-island_0.json,00444-sX9xad6ULKc,107,2,ROLLBACK,straighten,fluff,Straighten the couch.,Fluff the couch.,R02 was over-correction; couch/sofa items ARE fluffable
00475-g7hUFVNac26\tasks-island_0.json,00475-g7hUFVNac26,17,2,ROLLBACK,straighten,fluff,Straighten the couch.,Fluff the couch.,R02 was over-correction; couch/sofa items ARE fluffable
00475-g7hUFVNac26\tasks-island_0.json,00475-g7hUFVNac26,37,1,ROLLBACK,straighten,fluff,Straighten the couch.,Fluff the couch.,R02 was over-correction; couch/sofa items ARE fluffable
00475-g7hUFVNac26\tasks-island_0.json,00475-g7hUFVNac26,73,1,ROLLBACK,straighten,fluff,Straighten items on the couch.,Fluff items on the couch.,R02 was over-correction; couch/sofa items ARE fluffable
00475-g7hUFVNac26\tasks-island_0.json,00475-g7hUFVNac26,472,5,ROLLBACK,straighten,fluff,Straighten items on the couch.,Fluff items on the couch.,R02 was over-correction; couch/sofa items ARE fluffable
00475-g7hUFVNac26\tasks-island_0.json,00475-g7hUFVNac26,488,2,ROLLBACK,straighten,fluff,Straighten items on the sofa chair.,Fluff items on the sofa chair.,R02 was over-correction; couch/sofa items ARE fluffable
00487-erXNfWVjqZ8\tasks-island_0.json,00487-erXNfWVjqZ8,33,4,ROLLBACK,straighten,fluff,Straighten the couch.,Fluff the couch.,R02 was over-correction; couch/sofa items ARE fluffable
00487-erXNfWVjqZ8\tasks-island_0.json,00487-erXNfWVjqZ8,96,3,ROLLBACK,straighten,fluff,Straighten the couch.,Fluff the couch.,R02 was over-correction; couch/sofa items ARE fluffable
00487-erXNfWVjqZ8\tasks-island_0.json,00487-erXNfWVjqZ8,173,3,ROLLBACK,straighten,fluff,Straighten items on the armchair.,Fluff items on the armchair.,R02 was over-correction; couch/sofa items ARE fluffable
00525-iKFn6fzyRqs\tasks-island_0.json,00525-iKFn6fzyRqs,137,3,ROLLBACK,straighten,fluff,Straighten the armchair.,Fluff the armchair.,R02 was over-correction; couch/sofa items ARE fluffable
00537-oahi4u45xMf\tasks-island_0.json,00537-oahi4u45xMf,14,2,ROLLBACK,straighten,fluff,Straighten items on the couch.,Fluff items on the couch.,R02 was over-correction; couch/sofa items ARE fluffable
00537-oahi4u45xMf\tasks-island_0.json,00537-oahi4u45xMf,37,5,ROLLBACK,straighten,fluff,Straighten items on the couch.,Fluff items on the couch.,R02 was over-correction; couch/sofa items ARE fluffable
00537-oahi4u45xMf\tasks-island_0.json,00537-oahi4u45xMf,49,2,ROLLBACK,straighten,fluff,Straighten the couch.,Fluff the couch.,R02 was over-correction; couch/sofa items ARE fluffable
00538-3CBBjsNkhqW\tasks-island_0.json,00538-3CBBjsNkhqW,132,3,ROLLBACK,straighten,fluff,Straighten the armchair.,Fluff the armchair.,R02 was over-correction; couch/sofa items ARE fluffable
00538-3CBBjsNkhqW\tasks-island_0.json,00538-3CBBjsNkhqW,141,3,ROLLBACK,straighten,fluff,Straighten the armchair.,Fluff the armchair.,R02 was over-correction; couch/sofa items ARE fluffable
00538-3CBBjsNkhqW\tasks-island_0.json,00538-3CBBjsNkhqW,167,3,ROLLBACK,straighten,fluff,Straighten the couch.,Fluff the couch.,R02 was over-correction; couch/sofa items ARE fluffable
00538-3CBBjsNkhqW\tasks-island_0.json,00538-3CBBjsNkhqW,173,3,ROLLBACK,straighten,fluff,Straighten the couch.,Fluff the couch.,R02 was over-correction; couch/sofa items ARE fluffable
00538-3CBBjsNkhqW\tasks-island_0.json,00538-3CBBjsNkhqW,198,3,ROLLBACK,straighten,fluff,Straighten the couch.,Fluff the couch.,R02 was over-correction; couch/sofa items ARE fluffable
00538-3CBBjsNkhqW\tasks-island_0.json,00538-3CBBjsNkhqW,270,5,ROLLBACK,straighten,fluff,Straighten the armchair.,Fluff the armchair.,R02 was over-correction; couch/sofa items ARE fluffable
00538-3CBBjsNkhqW\tasks-island_0.json,00538-3CBBjsNkhqW,278,6,ROLLBACK,straighten,fluff,Straighten the armchair.,Fluff the armchair.,R02 was over-correction; couch/sofa items ARE fluffable
00539-zUG6FL9TYeR\tasks-island_0.json,00539-zUG6FL9TYeR,46,1,ROLLBACK,straighten,fluff,Straighten items on the couch.,Fluff items on the couch.,R02 was over-correction; couch/sofa items ARE fluffable
00547-9h5JJxM6E5S\tasks-island_0.json,00547-9h5JJxM6E5S,5,2,ROLLBACK,straighten,fluff,Straighten the couch.,Fluff the couch.,R02 was over-correction; couch/sofa items ARE fluffable
00547-9h5JJxM6E5S\tasks-island_0.json,00547-9h5JJxM6E5S,45,1,ROLLBACK,straighten,fluff,Straighten the couch.,Fluff the couch.,R02 was over-correction; couch/sofa items ARE fluffable
00557-fRZhp6vWGw7\tasks-island_1.json,00557-fRZhp6vWGw7,28,3,ROLLBACK,straighten,fluff,Straighten the sofa.,Fluff the sofa.,R02 was over-correction; couch/sofa items ARE fluffable
00582-TYDavTf8oyy\tasks-island_0.json,00582-TYDavTf8oyy,129,2,ROLLBACK,straighten,fluff,Straighten the sofa chair in the living area.,Fluff the sofa chair in the living area.,R02 was over-correction; couch/sofa items ARE fluffable
00582-TYDavTf8oyy\tasks-island_0.json,00582-TYDavTf8oyy,133,3,ROLLBACK,straighten,fluff,Straighten the sofa seat.,Fluff the sofa seat.,R02 was over-correction; couch/sofa items ARE fluffable
00582-TYDavTf8oyy\tasks-island_0.json,00582-TYDavTf8oyy,148,1,ROLLBACK,straighten,fluff,Straighten the sofa seat.,Fluff the sofa seat.,R02 was over-correction; couch/sofa items ARE fluffable
00590-qgZhhx1MpTi\tasks-island_0.json,00590-qgZhhx1MpTi,49,3,ROLLBACK,straighten,fluff,Straighten items on the couch.,Fluff items on the couch.,R02 was over-correction; couch/sofa items ARE fluffable
00598-mt9H8KcxRKD\tasks-island_0.json,00598-mt9H8KcxRKD,12,3,ROLLBACK,straighten,fluff,Straighten the couch.,Fluff the couch.,R02 was over-correction; couch/sofa items ARE fluffable
00598-mt9H8KcxRKD\tasks-island_0.json,00598-mt9H8KcxRKD,18,2,ROLLBACK,straighten,fluff,Straighten the armchair.,Fluff the armchair.,R02 was over-correction; couch/sofa items ARE fluffable
00598-mt9H8KcxRKD\tasks-island_0.json,00598-mt9H8KcxRKD,32,3,ROLLBACK,straighten,fluff,Straighten the armchair.,Fluff the armchair.,R02 was over-correction; couch/sofa items ARE fluffable
00598-mt9H8KcxRKD\tasks-island_0.json,00598-mt9H8KcxRKD,64,1,ROLLBACK,straighten,fluff,Straighten items on the couch.,Fluff items on the couch.,R02 was over-correction; couch/sofa items ARE fluffable
00598-mt9H8KcxRKD\tasks-island_0.json,00598-mt9H8KcxRKD,110,1,ROLLBACK,straighten,fluff,Straighten items on the armchair.,Fluff items on the armchair.,R02 was over-correction; couch/sofa items ARE fluffable
00598-mt9H8KcxRKD\tasks-island_0.json,00598-mt9H8KcxRKD,137,4,ROLLBACK,straighten,fluff,Straighten items on the armchair.,Fluff items on the armchair.,R02 was over-correction; couch/sofa items ARE fluffable
00598-mt9H8KcxRKD\tasks-island_0.json,00598-mt9H8KcxRKD,148,3,ROLLBACK,straighten,fluff,Straighten the armchair.,Fluff the armchair.,R02 was over-correction; couch/sofa items ARE fluffable
00598-mt9H8KcxRKD\tasks-island_0.json,00598-mt9H8KcxRKD,213,5,ROLLBACK,straighten,fluff,Straighten items on the couch.,Fluff items on the couch.,R02 was over-correction; couch/sofa items ARE fluffable
00598-mt9H8KcxRKD\tasks-island_0.json,00598-mt9H8KcxRKD,242,1,ROLLBACK,straighten,fluff,Straighten the couch.,Fluff the couch.,R02 was over-correction; couch/sofa items ARE fluffable
00598-mt9H8KcxRKD\tasks-island_0.json,00598-mt9H8KcxRKD,288,4,ROLLBACK,straighten,fluff,Straighten items on the couch.,Fluff items on the couch.,R02 was over-correction; couch/sofa items ARE fluffable
00598-mt9H8KcxRKD\tasks-island_0.json,00598-mt9H8KcxRKD,315,6,ROLLBACK,straighten,fluff,Straighten the armchair.,Fluff the armchair.,R02 was over-correction; couch/sofa items ARE fluffable
00606-W16Bm4ysK8v\tasks-island_0.json,00606-W16Bm4ysK8v,19,2,ROLLBACK,straighten,fluff,Straighten the couch.,Fluff the couch.,R02 was over-correction; couch/sofa items ARE fluffable
00606-W16Bm4ysK8v\tasks-island_0.json,00606-W16Bm4ysK8v,67,2,ROLLBACK,straighten,fluff,Straighten items on the couch.,Fluff items on the couch.,R02 was over-correction; couch/sofa items ARE fluffable
00606-W16Bm4ysK8v\tasks-island_0.json,00606-W16Bm4ysK8v,121,3,ROLLBACK,straighten,fluff,Straighten the couch.,Fluff the couch.,R02 was over-correction; couch/sofa items ARE fluffable
00606-W16Bm4ysK8v\tasks-island_0.json,00606-W16Bm4ysK8v,127,3,ROLLBACK,straighten,fluff,Straighten the couch.,Fluff the couch.,R02 was over-correction; couch/sofa items ARE fluffable
00626-XiJhRLvpKpX\tasks-island_0.json,00626-XiJhRLvpKpX,412,3,ROLLBACK,straighten,fluff,Straighten the sofa.,Fluff the sofa.,R02 was over-correction; couch/sofa items ARE fluffable
00626-XiJhRLvpKpX\tasks-island_0.json,00626-XiJhRLvpKpX,426,5,ROLLBACK,straighten,fluff,Straighten the sofa.,Fluff the sofa.,R02 was over-correction; couch/sofa items ARE fluffable
00626-XiJhRLvpKpX\tasks-island_0.json,00626-XiJhRLvpKpX,432,1,ROLLBACK,straighten,fluff,Straighten items on the sofa.,Fluff items on the sofa.,R02 was over-correction; couch/sofa items ARE fluffable
00626-XiJhRLvpKpX\tasks-island_0.json,00626-XiJhRLvpKpX,455,1,ROLLBACK,straighten,fluff,Straighten the armchair.,Fluff the armchair.,R02 was over-correction; couch/sofa items ARE fluffable
00626-XiJhRLvpKpX\tasks-island_0.json,00626-XiJhRLvpKpX,472,2,ROLLBACK,straighten,fluff,Straighten the sofa.,Fluff the sofa.,R02 was over-correction; couch/sofa items ARE fluffable
00626-XiJhRLvpKpX\tasks-island_0.json,00626-XiJhRLvpKpX,492,3,ROLLBACK,straighten,fluff,Straighten the sofa.,Fluff the sofa.,R02 was over-correction; couch/sofa items ARE fluffable
00626-XiJhRLvpKpX\tasks-island_0.json,00626-XiJhRLvpKpX,518,5,ROLLBACK,straighten,fluff,Straighten the sofa.,Fluff the sofa.,R02 was over-correction; couch/sofa items ARE fluffable
00626-XiJhRLvpKpX\tasks-island_0.json,00626-XiJhRLvpKpX,527,4,ROLLBACK,straighten,fluff,Straighten the sofa.,Fluff the sofa.,R02 was over-correction; couch/sofa items ARE fluffable
00626-XiJhRLvpKpX\tasks-island_0.json,00626-XiJhRLvpKpX,549,3,ROLLBACK,straighten,fluff,Straighten the sofa.,Fluff the sofa.,R02 was over-correction; couch/sofa items ARE fluffable
00626-XiJhRLvpKpX\tasks-island_0.json,00626-XiJhRLvpKpX,569,4,ROLLBACK,straighten,fluff,Straighten items on the sofa.,Fluff items on the sofa.,R02 was over-correction; couch/sofa items ARE fluffable
00626-XiJhRLvpKpX\tasks-island_0.json,00626-XiJhRLvpKpX,584,3,ROLLBACK,straighten,fluff,Straighten items on the sofa.,Fluff items on the sofa.,R02 was over-correction; couch/sofa items ARE fluffable
00626-XiJhRLvpKpX\tasks-island_0.json,00626-XiJhRLvpKpX,593,6,ROLLBACK,straighten,fluff,Straighten items on the armchair.,Fluff items on the armchair.,R02 was over-correction; couch/sofa items ARE fluffable
00626-XiJhRLvpKpX\tasks-island_0.json,00626-XiJhRLvpKpX,605,2,ROLLBACK,straighten,fluff,Straighten items on the sofa.,Fluff items on the sofa.,R02 was over-correction; couch/sofa items ARE fluffable
00638-iePHCSf119p\tasks-island_0.json,00638-iePHCSf119p,97,2,ROLLBACK,straighten,fluff,Straighten the sofa.,Fluff the sofa.,R02 was over-correction; couch/sofa items ARE fluffable
00664-u5atqC7vRCY\tasks-island_0.json,00664-u5atqC7vRCY,29,4,ROLLBACK,straighten,fluff,Straighten the sofa.,Fluff the sofa.,R02 was over-correction; couch/sofa items ARE fluffable
00664-u5atqC7vRCY\tasks-island_0.json,00664-u5atqC7vRCY,59,1,ROLLBACK,straighten,fluff,Straighten the sofa.,Fluff the sofa.,R02 was over-correction; couch/sofa items ARE fluffable
00664-u5atqC7vRCY\tasks-island_0.json,00664-u5atqC7vRCY,125,6,ROLLBACK,straighten,fluff,Straighten the sofa.,Fluff the sofa.,R02 was over-correction; couch/sofa items ARE fluffable
00664-u5atqC7vRCY\tasks-island_0.json,00664-u5atqC7vRCY,132,4,ROLLBACK,straighten,fluff,Straighten the sofa.,Fluff the sofa.,R02 was over-correction; couch/sofa items ARE fluffable
00664-u5atqC7vRCY\tasks-island_0.json,00664-u5atqC7vRCY,146,5,ROLLBACK,straighten,fluff,Straighten the sofa.,Fluff the sofa.,R02 was over-correction; couch/sofa items ARE fluffable
00664-u5atqC7vRCY\tasks-island_0.json,00664-u5atqC7vRCY,155,2,ROLLBACK,straighten,fluff,Straighten the couch.,Fluff the couch.,R02 was over-correction; couch/sofa items ARE fluffable
00664-u5atqC7vRCY\tasks-island_0.json,00664-u5atqC7vRCY,160,1,ROLLBACK,straighten,fluff,Straighten the couch.,Fluff the couch.,R02 was over-correction; couch/sofa items ARE fluffable
00680-YmWinf3mhb5\tasks-island_0.json,00680-YmWinf3mhb5,14,4,ROLLBACK,straighten,fluff,Straighten the couch.,Fluff the couch.,R02 was over-correction; couch/sofa items ARE fluffable
00680-YmWinf3mhb5\tasks-island_0.json,00680-YmWinf3mhb5,34,1,ROLLBACK,straighten,fluff,Straighten items on the couch.,Fluff items on the couch.,R02 was over-correction; couch/sofa items ARE fluffable
00680-YmWinf3mhb5\tasks-island_0.json,00680-YmWinf3mhb5,86,2,ROLLBACK,straighten,fluff,Straighten items on the couch.,Fluff items on the couch.,R02 was over-correction; couch/sofa items ARE fluffable
00720-8B43pG641ff\tasks-island_0.json,00720-8B43pG641ff,88,3,ROLLBACK,straighten,fluff,Straighten items on the armchair.,Fluff items on the armchair.,R02 was over-correction; couch/sofa items ARE fluffable
00741-w8GiikYuFRk\tasks-island_0.json,00741-w8GiikYuFRk,10,2,ROLLBACK,straighten,fluff,Straighten the armchair.,Fluff the armchair.,R02 was over-correction; couch/sofa items ARE fluffable
00741-w8GiikYuFRk\tasks-island_0.json,00741-w8GiikYuFRk,43,1,ROLLBACK,straighten,fluff,Straighten items on the couch.,Fluff items on the couch.,R02 was over-correction; couch/sofa items ARE fluffable
00741-w8GiikYuFRk\tasks-island_0.json,00741-w8GiikYuFRk,51,2,ROLLBACK,straighten,fluff,Straighten items on the armchair.,Fluff items on the armchair.,R02 was over-correction; couch/sofa items ARE fluffable
00741-w8GiikYuFRk\tasks-island_0.json,00741-w8GiikYuFRk,118,1,ROLLBACK,straighten,fluff,Straighten items on the couch.,Fluff items on the couch.,R02 was over-correction; couch/sofa items ARE fluffable
00741-w8GiikYuFRk\tasks-island_0.json,00741-w8GiikYuFRk,141,6,ROLLBACK,straighten,fluff,Straighten the couch.,Fluff the couch.,R02 was over-correction; couch/sofa items ARE fluffable
00741-w8GiikYuFRk\tasks-island_0.json,00741-w8GiikYuFRk,143,6,ROLLBACK,straighten,fluff,Straighten items on the couch.,Fluff items on the couch.,R02 was over-correction; couch/sofa items ARE fluffable
00741-w8GiikYuFRk\tasks-island_0.json,00741-w8GiikYuFRk,151,6,ROLLBACK,straighten,fluff,Straighten the couch.,Fluff the couch.,R02 was over-correction; couch/sofa items ARE fluffable
00744-1S7LAXRdDqK\tasks-island_0.json,00744-1S7LAXRdDqK,20,2,ROLLBACK,straighten,fluff,Straighten the couch.,Fluff the couch.,R02 was over-correction; couch/sofa items ARE fluffable
00744-1S7LAXRdDqK\tasks-island_0.json,00744-1S7LAXRdDqK,41,2,ROLLBACK,straighten,fluff,Straighten the armchair.,Fluff the armchair.,R02 was over-correction; couch/sofa items ARE fluffable
00744-1S7LAXRdDqK\tasks-island_0.json,00744-1S7LAXRdDqK,52,5,ROLLBACK,straighten,fluff,Straighten the armchair.,Fluff the armchair.,R02 was over-correction; couch/sofa items ARE fluffable
00744-1S7LAXRdDqK\tasks-island_0.json,00744-1S7LAXRdDqK,65,4,ROLLBACK,straighten,fluff,Straighten the armchair.,Fluff the armchair.,R02 was over-correction; couch/sofa items ARE fluffable
00744-1S7LAXRdDqK\tasks-island_0.json,00744-1S7LAXRdDqK,69,2,ROLLBACK,straighten,fluff,Straighten the couch.,Fluff the couch.,R02 was over-correction; couch/sofa items ARE fluffable
00744-1S7LAXRdDqK\tasks-island_0.json,00744-1S7LAXRdDqK,80,3,ROLLBACK,straighten,fluff,Straighten the armchair.,Fluff the armchair.,R02 was over-correction; couch/sofa items ARE fluffable
00744-1S7LAXRdDqK\tasks-island_0.json,00744-1S7LAXRdDqK,93,1,ROLLBACK,straighten,fluff,Straighten the couch.,Fluff the couch.,R02 was over-correction; couch/sofa items ARE fluffable
00744-1S7LAXRdDqK\tasks-island_0.json,00744-1S7LAXRdDqK,99,7,ROLLBACK,straighten,fluff,Straighten the armchair in the living room.,Fluff the armchair in the living room.,R02 was over-correction; couch/sofa items ARE fluffable
00744-1S7LAXRdDqK\tasks-island_0.json,00744-1S7LAXRdDqK,109,6,ROLLBACK,straighten,fluff,Straighten the armchair.,Fluff the armchair.,R02 was over-correction; couch/sofa items ARE fluffable
00744-1S7LAXRdDqK\tasks-island_0.json,00744-1S7LAXRdDqK,119,5,ROLLBACK,straighten,fluff,Straighten the couch.,Fluff the couch.,R02 was over-correction; couch/sofa items ARE fluffable
00744-1S7LAXRdDqK\tasks-island_0.json,00744-1S7LAXRdDqK,122,6,ROLLBACK,straighten,fluff,Straighten the couch.,Fluff the couch.,R02 was over-correction; couch/sofa items ARE fluffable
00744-1S7LAXRdDqK\tasks-island_1.json,00744-1S7LAXRdDqK,8,2,ROLLBACK,straighten,fluff,Straighten the armchair.,Fluff the armchair.,R02 was over-correction; couch/sofa items ARE fluffable
00750-E1NrAhMoqvB\tasks-island_0.json,00750-E1NrAhMoqvB,94,4,ROLLBACK,straighten,fluff,Straighten items on the couch.,Fluff items on the couch.,R02 was over-correction; couch/sofa items ARE fluffable
00757-LVgQNuK8vtv\tasks-island_0.json,00757-LVgQNuK8vtv,55,1,ROLLBACK,straighten,fluff,Straighten items on the couch.,Fluff items on the couch.,R02 was over-correction; couch/sofa items ARE fluffable
00757-LVgQNuK8vtv\tasks-island_0.json,00757-LVgQNuK8vtv,128,1,ROLLBACK,straighten,fluff,Straighten the couch.,Fluff the couch.,R02 was over-correction; couch/sofa items ARE fluffable
00757-LVgQNuK8vtv\tasks-island_0.json,00757-LVgQNuK8vtv,147,1,ROLLBACK,straighten,fluff,Straighten the couch.,Fluff the couch.,R02 was over-correction; couch/sofa items ARE fluffable
00758-HfMobPm86Xn\tasks-island_0.json,00758-HfMobPm86Xn,19,2,ROLLBACK,straighten,fluff,Straighten the sofa.,Fluff the sofa.,R02 was over-correction; couch/sofa items ARE fluffable
00758-HfMobPm86Xn\tasks-island_0.json,00758-HfMobPm86Xn,208,1,ROLLBACK,straighten,fluff,Straighten the sofa.,Fluff the sofa.,R02 was over-correction; couch/sofa items ARE fluffable
00758-HfMobPm86Xn\tasks-island_0.json,00758-HfMobPm86Xn,223,3,ROLLBACK,straighten,fluff,Straighten the sofa.,Fluff the sofa.,R02 was over-correction; couch/sofa items ARE fluffable
00758-HfMobPm86Xn\tasks-island_0.json,00758-HfMobPm86Xn,226,3,ROLLBACK,straighten,fluff,Straighten the armchair.,Fluff the armchair.,R02 was over-correction; couch/sofa items ARE fluffable
00758-HfMobPm86Xn\tasks-island_0.json,00758-HfMobPm86Xn,257,2,ROLLBACK,straighten,fluff,Straighten the sofa.,Fluff the sofa.,R02 was over-correction; couch/sofa items ARE fluffable
00758-HfMobPm86Xn\tasks-island_0.json,00758-HfMobPm86Xn,316,2,ROLLBACK,straighten,fluff,Straighten the sofa.,Fluff the sofa.,R02 was over-correction; couch/sofa items ARE fluffable
00802-wcojb4TFT35\tasks-island_2.json,00802-wcojb4TFT35,25,2,ROLLBACK,straighten,fluff,Straighten the sofa.,Fluff the sofa.,R02 was over-correction; couch/sofa items ARE fluffable
00802-wcojb4TFT35\tasks-island_2.json,00802-wcojb4TFT35,30,5,ROLLBACK,straighten,fluff,Straighten the sofa.,Fluff the sofa.,R02 was over-correction; couch/sofa items ARE fluffable
00810-CrMo8WxCyVb\tasks-island_0.json,00810-CrMo8WxCyVb,58,1,ROLLBACK,straighten,fluff,Straighten the couch.,Fluff the couch.,R02 was over-correction; couch/sofa items ARE fluffable
00810-CrMo8WxCyVb\tasks-island_0.json,00810-CrMo8WxCyVb,130,5,ROLLBACK,straighten,fluff,Straighten the armchair.,Fluff the armchair.,R02 was over-correction; couch/sofa items ARE fluffable
00810-CrMo8WxCyVb\tasks-island_0.json,00810-CrMo8WxCyVb,133,4,ROLLBACK,straighten,fluff,Straighten items on the armchair.,Fluff items on the armchair.,R02 was over-correction; couch/sofa items ARE fluffable
00821-eF36g7L6Z9M\tasks-island_0.json,00821-eF36g7L6Z9M,158,4,ROLLBACK,straighten,fluff,Straighten the sofa.,Fluff the sofa.,R02 was over-correction; couch/sofa items ARE fluffable
00823-7MXmsvcQjpJ\tasks-island_0.json,00823-7MXmsvcQjpJ,25,3,ROLLBACK,straighten,fluff,Straighten the couch.,Fluff the couch.,R02 was over-correction; couch/sofa items ARE fluffable
00823-7MXmsvcQjpJ\tasks-island_0.json,00823-7MXmsvcQjpJ,119,2,ROLLBACK,straighten,fluff,Straighten the couch.,Fluff the couch.,R02 was over-correction; couch/sofa items ARE fluffable
00823-7MXmsvcQjpJ\tasks-island_0.json,00823-7MXmsvcQjpJ,145,3,ROLLBACK,straighten,fluff,Straighten items on the couch.,Fluff items on the couch.,R02 was over-correction; couch/sofa items ARE fluffable
00824-Dd4bFSTQ8gi\tasks-island_0.json,00824-Dd4bFSTQ8gi,102,7,ROLLBACK,straighten,fluff,Straighten items on the couch.,Fluff items on the couch.,R02 was over-correction; couch/sofa items ARE fluffable
00827-BAbdmeyTvMZ\tasks-island_0.json,00827-BAbdmeyTvMZ,18,4,ROLLBACK,straighten,fluff,Straighten the couch.,Fluff the couch.,R02 was over-correction; couch/sofa items ARE fluffable
00831-yr17PDCnDDW\tasks-island_1.json,00831-yr17PDCnDDW,35,3,ROLLBACK,straighten,fluff,Straighten the armchair.,Fluff the armchair.,R02 was over-correction; couch/sofa items ARE fluffable
00831-yr17PDCnDDW\tasks-island_1.json,00831-yr17PDCnDDW,49,2,ROLLBACK,straighten,fluff,Straighten the couch.,Fluff the couch.,R02 was over-correction; couch/sofa items ARE fluffable
00831-yr17PDCnDDW\tasks-island_1.json,00831-yr17PDCnDDW,61,5,ROLLBACK,straighten,fluff,Straighten the couch.,Fluff the couch.,R02 was over-correction; couch/sofa items ARE fluffable
00831-yr17PDCnDDW\tasks-island_1.json,00831-yr17PDCnDDW,69,2,ROLLBACK,straighten,fluff,Straighten the armchair.,Fluff the armchair.,R02 was over-correction; couch/sofa items ARE fluffable
00831-yr17PDCnDDW\tasks-island_1.json,00831-yr17PDCnDDW,90,3,ROLLBACK,straighten,fluff,Straighten the couch.,Fluff the couch.,R02 was over-correction; couch/sofa items ARE fluffable
00831-yr17PDCnDDW\tasks-island_1.json,00831-yr17PDCnDDW,112,2,ROLLBACK,straighten,fluff,Straighten the couch.,Fluff the couch.,R02 was over-correction; couch/sofa items ARE fluffable
00835-q3zU7Yy5E5s\tasks-island_1.json,00835-q3zU7Yy5E5s,12,2,ROLLBACK,straighten,fluff,Straighten the armchair.,Fluff the armchair.,R02 was over-correction; couch/sofa items ARE fluffable
00844-q5QZSEeHe5g\tasks-island_0.json,00844-q5QZSEeHe5g,157,2,ROLLBACK,straighten,fluff,Straighten the armchair.,Fluff the armchair.,R02 was over-correction; couch/sofa items ARE fluffable
00847-bCPU9suPUw9\tasks-island_2.json,00847-bCPU9suPUw9,12,4,ROLLBACK,straighten,fluff,Straighten the armchair.,Fluff the armchair.,R02 was over-correction; couch/sofa items ARE fluffable
00849-a8BtkwhxdRV\tasks-island_0.json,00849-a8BtkwhxdRV,26,6,ROLLBACK,straighten,fluff,Straighten the sofa.,Fluff the sofa.,R02 was over-correction; couch/sofa items ARE fluffable
00853-5cdEh9F2hJL\tasks-island_0.json,00853-5cdEh9F2hJL,17,3,ROLLBACK,straighten,fluff,Straighten the armchair.,Fluff the armchair.,R02 was over-correction; couch/sofa items ARE fluffable
00853-5cdEh9F2hJL\tasks-island_0.json,00853-5cdEh9F2hJL,152,4,ROLLBACK,straighten,fluff,Straighten the sofa.,Fluff the sofa.,R02 was over-correction; couch/sofa items ARE fluffable
00853-5cdEh9F2hJL\tasks-island_0.json,00853-5cdEh9F2hJL,157,5,ROLLBACK,straighten,fluff,Straighten the sofa.,Fluff the sofa.,R02 was over-correction; couch/sofa items ARE fluffable
00853-5cdEh9F2hJL\tasks-island_0.json,00853-5cdEh9F2hJL,180,6,ROLLBACK,straighten,fluff,Straighten the sofa.,Fluff the sofa.,R02 was over-correction; couch/sofa items ARE fluffable
00853-5cdEh9F2hJL\tasks-island_0.json,00853-5cdEh9F2hJL,186,7,ROLLBACK,straighten,fluff,Straighten the sofa.,Fluff the sofa.,R02 was over-correction; couch/sofa items ARE fluffable
00861-GLAQ4DNUx5U\tasks-island_0.json,00861-GLAQ4DNUx5U,96,1,ROLLBACK,straighten,fluff,Straighten the sofa chair.,Fluff the sofa chair.,R02 was over-correction; couch/sofa items ARE fluffable
00871-VBzV5z6i1WS\tasks-island_0.json,00871-VBzV5z6i1WS,26,1,ROLLBACK,straighten,fluff,Straighten the couch.,Fluff the couch.,R02 was over-correction; couch/sofa items ARE fluffable
00877-4ok3usBNeis\tasks-island_0.json,00877-4ok3usBNeis,46,4,ROLLBACK,straighten,fluff,Straighten the couch.,Fluff the couch.,R02 was over-correction; couch/sofa items ARE fluffable
00891-cvZr5TUy5C5\tasks-island_0.json,00891-cvZr5TUy5C5,96,4,ROLLBACK,straighten,fluff,Straighten the couch.,Fluff the couch.,R02 was over-correction; couch/sofa items ARE fluffable
00017-oEPjPNSPmzL\tasks-island_1.json,00017-oEPjPNSPmzL,1,4,FIX,store,load,Store the toilet paper.,Load the toilet paper.,store偏离refill意图; load更贴合'补装toilet paper'
00017-oEPjPNSPmzL\tasks-island_1.json,00017-oEPjPNSPmzL,17,4,FIX,store,load,Store the toilet paper.,Load the toilet paper.,store偏离refill意图; load更贴合'补装toilet paper'
00017-oEPjPNSPmzL\tasks-island_1.json,00017-oEPjPNSPmzL,71,6,FIX,store,load,Store the toilet paper.,Load the toilet paper.,store偏离refill意图; load更贴合'补装toilet paper'
00017-oEPjPNSPmzL\tasks-island_1.json,00017-oEPjPNSPmzL,77,5,FIX,store,load,Store the toilet paper.,Load the toilet paper.,store偏离refill意图; load更贴合'补装toilet paper'
00064-gQgtJ9Stk5s\tasks-island_0.json,00064-gQgtJ9Stk5s,53,4,FIX,store,load,Store the tissue box.,Load the tissue box.,store偏离refill意图; load更贴合'补装tissue box'
00096-6HRFAUDqpTb\tasks-island_0.json,00096-6HRFAUDqpTb,67,5,FIX,store,load,Store the paper towel.,Load the paper towel.,store偏离refill意图; load更贴合'补装paper towel'
00141-iigzG1rtanx\tasks-island_1.json,00141-iigzG1rtanx,46,5,FIX,store,load,Store the tissue box.,Load the tissue box.,store偏离refill意图; load更贴合'补装tissue box'
00168-bHKTDQFJxTw\tasks-island_0.json,00168-bHKTDQFJxTw,0,2,FIX,store,load,Store the toilet paper dispenser.,Load the toilet paper dispenser.,store偏离refill意图; load更贴合'补装toilet paper dispenser'
00168-bHKTDQFJxTw\tasks-island_0.json,00168-bHKTDQFJxTw,21,1,FIX,store,load,Store the toilet paper dispenser.,Load the toilet paper dispenser.,store偏离refill意图; load更贴合'补装toilet paper dispenser'
00168-bHKTDQFJxTw\tasks-island_0.json,00168-bHKTDQFJxTw,57,2,FIX,store,load,Store the toilet paper dispenser.,Load the toilet paper dispenser.,store偏离refill意图; load更贴合'补装toilet paper dispenser'
00168-bHKTDQFJxTw\tasks-island_0.json,00168-bHKTDQFJxTw,66,2,FIX,store,load,Store the toilet paper dispenser.,Load the toilet paper dispenser.,store偏离refill意图; load更贴合'补装toilet paper dispenser'
00168-bHKTDQFJxTw\tasks-island_0.json,00168-bHKTDQFJxTw,70,1,FIX,store,load,Store the toilet paper dispenser in the area 1.,Load the toilet paper dispenser in the area 1.,store偏离refill意图; load更贴合'补装toilet paper dispenser'
00168-bHKTDQFJxTw\tasks-island_0.json,00168-bHKTDQFJxTw,76,1,FIX,store,load,Store the toilet paper dispenser in the area 1.,Load the toilet paper dispenser in the area 1.,store偏离refill意图; load更贴合'补装toilet paper dispenser'
00168-bHKTDQFJxTw\tasks-island_0.json,00168-bHKTDQFJxTw,81,1,FIX,store,load,Store the toilet paper dispenser.,Load the toilet paper dispenser.,store偏离refill意图; load更贴合'补装toilet paper dispenser'
00168-bHKTDQFJxTw\tasks-island_0.json,00168-bHKTDQFJxTw,90,1,FIX,store,load,Store the toilet paper dispenser.,Load the toilet paper dispenser.,store偏离refill意图; load更贴合'补装toilet paper dispenser'
00168-bHKTDQFJxTw\tasks-island_0.json,00168-bHKTDQFJxTw,93,1,FIX,store,load,Store the toilet paper dispenser.,Load the toilet paper dispenser.,store偏离refill意图; load更贴合'补装toilet paper dispenser'
00168-bHKTDQFJxTw\tasks-island_0.json,00168-bHKTDQFJxTw,99,1,FIX,store,load,Store the toilet paper dispenser.,Load the toilet paper dispenser.,store偏离refill意图; load更贴合'补装toilet paper dispenser'
00168-bHKTDQFJxTw\tasks-island_0.json,00168-bHKTDQFJxTw,105,1,FIX,store,load,Store the toilet paper dispenser.,Load the toilet paper dispenser.,store偏离refill意图; load更贴合'补装toilet paper dispenser'
00168-bHKTDQFJxTw\tasks-island_0.json,00168-bHKTDQFJxTw,126,5,FIX,store,load,Store the toilet paper dispenser.,Load the toilet paper dispenser.,store偏离refill意图; load更贴合'补装toilet paper dispenser'
00168-bHKTDQFJxTw\tasks-island_0.json,00168-bHKTDQFJxTw,137,1,FIX,store,load,Store the toilet paper dispenser.,Load the toilet paper dispenser.,store偏离refill意图; load更贴合'补装toilet paper dispenser'
00205-NEVASPhcrxR\tasks-island_3.json,00205-NEVASPhcrxR,74,1,FIX,store,load,Store the tissue.,Load the tissue.,store偏离refill意图; load更贴合'补装tissue'
00205-NEVASPhcrxR\tasks-island_3.json,00205-NEVASPhcrxR,90,4,FIX,store,load,Store the tissue.,Load the tissue.,store偏离refill意图; load更贴合'补装tissue'
00205-NEVASPhcrxR\tasks-island_3.json,00205-NEVASPhcrxR,98,5,FIX,store,load,Store the tissue.,Load the tissue.,store偏离refill意图; load更贴合'补装tissue'
00205-NEVASPhcrxR\tasks-island_3.json,00205-NEVASPhcrxR,124,4,FIX,store,load,Store the paper towels.,Load the paper towels.,store偏离refill意图; load更贴合'补装paper towels'
00205-NEVASPhcrxR\tasks-island_3.json,00205-NEVASPhcrxR,150,3,FIX,store,load,Store the tissue.,Load the tissue.,store偏离refill意图; load更贴合'补装tissue'
00205-NEVASPhcrxR\tasks-island_3.json,00205-NEVASPhcrxR,160,5,FIX,store,load,Store the tissue.,Load the tissue.,store偏离refill意图; load更贴合'补装tissue'
00205-NEVASPhcrxR\tasks-island_3.json,00205-NEVASPhcrxR,172,2,FIX,store,load,Store the tissue.,Load the tissue.,store偏离refill意图; load更贴合'补装tissue'
00205-NEVASPhcrxR\tasks-island_3.json,00205-NEVASPhcrxR,195,4,FIX,store,load,Store the paper towels in the dispenser.,Load the paper towels in the dispenser.,store偏离refill意图; load更贴合'补装paper towels'
00205-NEVASPhcrxR\tasks-island_3.json,00205-NEVASPhcrxR,212,3,FIX,store,load,Store the tissue.,Load the tissue.,store偏离refill意图; load更贴合'补装tissue'
00251-wsAYBFtQaL7\tasks-island_0.json,00251-wsAYBFtQaL7,44,1,FIX,store,load,Store the paper towel.,Load the paper towel.,store偏离refill意图; load更贴合'补装paper towel'
00251-wsAYBFtQaL7\tasks-island_0.json,00251-wsAYBFtQaL7,260,7,FIX,store,load,Store the paper towel.,Load the paper towel.,store偏离refill意图; load更贴合'补装paper towel'
00256-92vYG1q49FY\tasks-island_0.json,00256-92vYG1q49FY,8,4,FIX,store,load,Store the paper towel dispenser.,Load the paper towel dispenser.,store偏离refill意图; load更贴合'补装paper towel dispenser'
00256-92vYG1q49FY\tasks-island_0.json,00256-92vYG1q49FY,85,7,FIX,store,load,Store the paper towel dispenser.,Load the paper towel dispenser.,store偏离refill意图; load更贴合'补装paper towel dispenser'
00262-1xGrZPxG1Hz\tasks-island_1.json,00262-1xGrZPxG1Hz,1,1,FIX,store,load,Store the toilet paper.,Load the toilet paper.,store偏离refill意图; load更贴合'补装toilet paper'
00262-1xGrZPxG1Hz\tasks-island_1.json,00262-1xGrZPxG1Hz,22,3,FIX,store,load,Store the toilet paper in the dispenser.,Load the toilet paper in the dispenser.,store偏离refill意图; load更贴合'补装toilet paper'
00262-1xGrZPxG1Hz\tasks-island_1.json,00262-1xGrZPxG1Hz,27,1,FIX,store,load,Store the toilet paper.,Load the toilet paper.,store偏离refill意图; load更贴合'补装toilet paper'
00378-DqJKU7YU7dA\tasks-island_1.json,00378-DqJKU7YU7dA,201,1,FIX,store,load,Store the toilet paper dispenser.,Load the toilet paper dispenser.,store偏离refill意图; load更贴合'补装toilet paper dispenser'
00378-DqJKU7YU7dA\tasks-island_1.json,00378-DqJKU7YU7dA,264,7,FIX,store,load,Store the toilet paper dispenser.,Load the toilet paper dispenser.,store偏离refill意图; load更贴合'补装toilet paper dispenser'
00422-8wJuSPJ9FXG\tasks-island_0.json,00422-8wJuSPJ9FXG,124,4,FIX,store,load,Store the paper towel.,Load the paper towel.,store偏离refill意图; load更贴合'补装paper towel'
00606-W16Bm4ysK8v\tasks-island_0.json,00606-W16Bm4ysK8v,149,3,FIX,store,load,Store the paper towel.,Load the paper towel.,store偏离refill意图; load更贴合'补装paper towel'
00606-W16Bm4ysK8v\tasks-island_0.json,00606-W16Bm4ysK8v,155,6,FIX,store,load,Store the paper towel.,Load the paper towel.,store偏离refill意图; load更贴合'补装paper towel'
00624-ooq3SnvC79d\tasks-island_0.json,00624-ooq3SnvC79d,10,2,FIX,store,load,Store the paper towel dispenser.,Load the paper towel dispenser.,store偏离refill意图; load更贴合'补装paper towel dispenser'
00624-ooq3SnvC79d\tasks-island_0.json,00624-ooq3SnvC79d,28,2,FIX,store,load,Store the paper towel dispenser in the kitchen.,Load the paper towel dispenser in the kitchen.,store偏离refill意图; load更贴合'补装paper towel dispenser'
00624-ooq3SnvC79d\tasks-island_0.json,00624-ooq3SnvC79d,50,3,FIX,store,load,Store the paper towel dispenser.,Load the paper towel dispenser.,store偏离refill意图; load更贴合'补装paper towel dispenser'
00624-ooq3SnvC79d\tasks-island_0.json,00624-ooq3SnvC79d,65,5,FIX,store,load,Store the paper towel dispenser.,Load the paper towel dispenser.,store偏离refill意图; load更贴合'补装paper towel dispenser'
00624-ooq3SnvC79d\tasks-island_0.json,00624-ooq3SnvC79d,89,3,FIX,store,load,Store the paper towel dispenser.,Load the paper towel dispenser.,store偏离refill意图; load更贴合'补装paper towel dispenser'
00664-u5atqC7vRCY\tasks-island_0.json,00664-u5atqC7vRCY,41,3,FIX,store,load,Store the paper towel.,Load the paper towel.,store偏离refill意图; load更贴合'补装paper towel'
00664-u5atqC7vRCY\tasks-island_0.json,00664-u5atqC7vRCY,92,2,FIX,store,load,Store the paper towel.,Load the paper towel.,store偏离refill意图; load更贴合'补装paper towel'
00669-DNWbUAJYsPy\tasks-island_0.json,00669-DNWbUAJYsPy,1,1,FIX,store,load,Store the toilet paper.,Load the toilet paper.,store偏离refill意图; load更贴合'补装toilet paper'
00669-DNWbUAJYsPy\tasks-island_0.json,00669-DNWbUAJYsPy,15,1,FIX,store,load,Store the toilet paper.,Load the toilet paper.,store偏离refill意图; load更贴合'补装toilet paper'
00669-DNWbUAJYsPy\tasks-island_0.json,00669-DNWbUAJYsPy,33,1,FIX,store,load,Store the toilet paper.,Load the toilet paper.,store偏离refill意图; load更贴合'补装toilet paper'
00823-7MXmsvcQjpJ\tasks-island_0.json,00823-7MXmsvcQjpJ,20,4,FIX,store,load,Store the tissue box.,Load the tissue box.,store偏离refill意图; load更贴合'补装tissue box'
00823-7MXmsvcQjpJ\tasks-island_0.json,00823-7MXmsvcQjpJ,44,5,FIX,store,load,Store the tissue box.,Load the tissue box.,store偏离refill意图; load更贴合'补装tissue box'
00823-7MXmsvcQjpJ\tasks-island_0.json,00823-7MXmsvcQjpJ,137,4,FIX,store,load,Store the tissue box.,Load the tissue box.,store偏离refill意图; load更贴合'补装tissue box'
00238-j6fHrce9pHR\tasks-island_0.json,00238-j6fHrce9pHR,172,4,ROLLBACK,place_on,set_control,Set the cellular telephone.,Set a timer on the cellular_telephone.,Setting a timer IS set_control; was wrongly matched as placement
00087-YY8rqV6L6rf\tasks-island_2.json,00087-YY8rqV6L6rf,160,7,FIX,place_on,place_on,Place the cellular_telephone.,Place the cellular_telephone on the desk.,Restored destination 'the desk' from original step
00087-YY8rqV6L6rf\tasks-island_2.json,00087-YY8rqV6L6rf,164,6,FIX,place_on,place_on,Place the cellular_telephone.,Place the cellular_telephone on the side table.,Restored destination 'the side table' from original step
00149-UuwwmrTsfBN\tasks-island_0.json,00149-UuwwmrTsfBN,56,5,FIX,place_on,place_on,Place the cellular_telephone.,Place the cellular_telephone on the table.,Restored destination 'the table' from original step
00150-LcAd9dhvVwh\tasks-island_0.json,00150-LcAd9dhvVwh,18,3,FIX,place_on,place_on,Place the cellular_telephone.,Place the cellular_telephone on the stand.,Restored destination 'the stand' from original step
00238-j6fHrce9pHR\tasks-island_0.json,00238-j6fHrce9pHR,167,5,FIX,place_on,place_on,Place the cellular_telephone.,Place the cellular_telephone on the charger.,Restored destination 'the charger' from original step
00254-YMNvYDhK8mB\tasks-island_1.json,00254-YMNvYDhK8mB,151,6,FIX,place_on,place_on,Place the telephone.,Place the telephone on the desk.,Restored destination 'the desk' from original step
00560-gjhYih4upQ9\tasks-island_0.json,00560-gjhYih4upQ9,113,5,FIX,place_on,place_on,Place the cellular_telephone.,Place the cellular_telephone on the desk.,Restored destination 'the desk' from original step
00591-JptJPosx1Z6\tasks-island_0.json,00591-JptJPosx1Z6,66,5,FIX,place_on,place_on,Place the cellular_telephone.,Place the cellular_telephone on the nightstand.,Restored destination 'the nightstand' from original step
00034-6imZUJGRUq4\tasks-island_0.json,00034-6imZUJGRUq4,89,4,B,rinse,rinse,Rinse the dishwasher.,Rinse the filters in the dishwasher.,"Patient drift: true patient is 'filters', dishwasher is location"
00434-L5QEsaVqwrY\tasks-island_0.json,00434-L5QEsaVqwrY,149,5,B,rinse,rinse,Rinse the dishwasher.,Rinse the spoon in the dishwasher.,"Patient drift: true patient is 'spoon', dishwasher is location"
00434-L5QEsaVqwrY\tasks-island_0.json,00434-L5QEsaVqwrY,158,5,B,rinse,rinse,Rinse the dishwasher.,Rinse the utensils in the dishwasher.,"Patient drift: true patient is 'utensils', dishwasher is location"
00890-6s7QHgap2fW\tasks-island_0.json,00890-6s7QHgap2fW,193,5,B,rinse,rinse,Rinse the dishwasher.,Rinse the utensils in the dishwasher.,"Patient drift: true patient is 'utensils', dishwasher is location"
00155-iLDo95ZbDJq\tasks-island_0.json,00155-iLDo95ZbDJq,90,5,B,vacuum,vacuum,Vacuum the wall clock.,Vacuum near the wall clock.,"Patient drift: vacuuming the floor NEAR the clock, not the clock"
