file,task_idx,step_id,old_action,new_action,old_text,new_text,step_orig
00009-vLpv2VX547B\tasks-island_0.json,4,1,set_control,tune,Adjust the guitar.,Tune the guitar.,Tune the guitar.
00009-vLpv2VX547B\tasks-island_0.json,32,1,set_control,tune,Adjust the guitar.,Tune the guitar.,Tune the guitar.
00009-vLpv2VX547B\tasks-island_0.json,46,2,start_machine,brew,Start the coffee machine.,Brew with the coffee machine.,Brew coffee in the coffee machine.
00009-vLpv2VX547B\tasks-island_0.json,70,3,set_control,tune,Adjust the guitar.,Tune the guitar.,Adjust the guitar strings.
00009-vLpv2VX547B\tasks-island_0.json,180,6,start_machine,brew,Start the coffee machine.,Brew with the coffee machine.,Brew some coffee using the coffee machine.
00009-vLpv2VX547B\tasks-island_0.json,188,4,attach,repair,Attach the shelf.,Repair the loose shelf.,Repair the loose shelf.
00009-vLpv2VX547B\tasks-island_0.json,195,3,start_machine,brew,Start the coffee machine.,Brew with the coffee machine.,Brew coffee with the coffee machine.
00009-vLpv2VX547B\tasks-island_0.json,257,2,set_control,tune,Adjust the guitar.,Tune the guitar.,Tune the guitar.
00009-vLpv2VX547B\tasks-island_0.json,272,3,set_control,tune,Adjust the guitar.,Tune the guitar.,Tune the guitar.
00016-qk9eeNeR4vw\tasks-island_1.json,96,1,plug_in,charge,Plug in the laptop_computer.,Charge the laptop_computer.,Charge the laptop computer.
00022-gmuS7Wgsbrx\tasks-island_0.json,17,2,turn_on,light,Turn on the candle.,Light the candle.,Light the candle.
00022-gmuS7Wgsbrx\tasks-island_0.json,40,4,turn_on,light,Turn on the candle.,Light the candle.,Light the candle.
00022-gmuS7Wgsbrx\tasks-island_0.json,61,3,turn_on,light,Turn on the candle.,Light the candle.,Light the candle.
00022-gmuS7Wgsbrx\tasks-island_0.json,69,4,plug_in,charge,Plug in the cellular_telephone.,Charge the cellular_telephone.,Charge the cellular telephone.
00022-gmuS7Wgsbrx\tasks-island_0.json,73,2,turn_on,light,Turn on the candle.,Light the candle.,Light a candle.
00022-gmuS7Wgsbrx\tasks-island_0.json,100,1,turn_on,light,Turn on the candle.,Light the candle.,Light the candle.
00022-gmuS7Wgsbrx\tasks-island_0.json,123,4,turn_on,light,Turn on the candle.,Light the candle.,Light the candle.
00022-gmuS7Wgsbrx\tasks-island_0.json,149,1,plug_in,charge,Plug in the cellular_telephone.,Charge the cellular_telephone.,Charge the cellular telephone.
00022-gmuS7Wgsbrx\tasks-island_0.json,152,3,tighten,repair,Tighten the stair.,Repair the loose stair.,Repair the loose stair.
00022-gmuS7Wgsbrx\tasks-island_0.json,160,2,turn_on,light,Turn on the candle.,Light the candle.,Light the candle.
00022-gmuS7Wgsbrx\tasks-island_0.json,176,1,turn_on,light,Turn on the candle.,Light the candle.,Light the candle.
00022-gmuS7Wgsbrx\tasks-island_0.json,207,2,turn_on,light,Turn on the candle.,Light the candle.,Light the candle for ambiance.
00022-gmuS7Wgsbrx\tasks-island_0.json,257,1,straighten,iron,Straighten the clothes.,Iron the clothes.,Iron the clothes.
00022-gmuS7Wgsbrx\tasks-island_0.json,273,3,turn_on,light,Turn on the candle.,Light the candle.,Light the candle.
00022-gmuS7Wgsbrx\tasks-island_0.json,290,3,turn_on,light,Turn on the candle.,Light the candle.,Light the candle.
00022-gmuS7Wgsbrx\tasks-island_0.json,306,4,turn_on,light,Turn on the candle.,Light the candle.,Light the candle.
00022-gmuS7Wgsbrx\tasks-island_0.json,342,2,turn_on,light,Turn on the candle.,Light the candle.,Light the candle for ambiance.
00022-gmuS7Wgsbrx\tasks-island_0.json,352,2,turn_on,light,Turn on the candle.,Light the candle.,Light the candle.
00022-gmuS7Wgsbrx\tasks-island_0.json,380,2,turn_on,light,Turn on the candle.,Light the candle.,Light the candle.
00022-gmuS7Wgsbrx\tasks-island_0.json,401,7,turn_on,light,Turn on the candle.,Light the candle.,Light the candle.
00023-zepmXAdrpjR\tasks-island_0.json,38,3,attach,repair,Attach the kitchen shelf.,Repair the kitchen shelf.,Repair the kitchen shelf.
00023-zepmXAdrpjR\tasks-island_0.json,104,6,reposition,repair,Reposition the rack.,Repair the rack.,Repair the rack.
00023-zepmXAdrpjR\tasks-island_0.json,167,7,plug_in,charge,Plug in the cellular_telephone.,Charge the cellular_telephone.,Charge the cellular telephone.
00023-zepmXAdrpjR\tasks-island_0.json,169,4,reposition,repair,Reposition the kitchen cabinet.,Repair the kitchen cabinet.,Repair the kitchen cabinet.
00031-Wo6kuutE9i7\tasks-island_0.json,14,3,turn_on,light,Turn on the candlestick.,Light the candlestick.,Light the candlestick.
00031-Wo6kuutE9i7\tasks-island_0.json,42,5,turn_on,light,Turn on the candlestick.,Light the candlestick.,Light the candlestick.
00031-Wo6kuutE9i7\tasks-island_0.json,59,3,turn_on,light,Turn on the candlestick.,Light the candlestick.,Light the candlestick.
00031-Wo6kuutE9i7\tasks-island_0.json,73,5,turn_on,light,Turn on the candlestick.,Light the candlestick.,Light the candlestick.
00031-Wo6kuutE9i7\tasks-island_0.json,83,5,plug_in,charge,Plug in the cellular_telephone.,Charge the cellular_telephone.,Charge the cellular telephone.
00031-Wo6kuutE9i7\tasks-island_0.json,91,5,turn_on,light,Turn on the candlestick.,Light the candlestick.,Light the candlestick.
00031-Wo6kuutE9i7\tasks-island_0.json,108,3,reposition,repair,Reposition the fence.,Repair the fence.,Repair the fence.
00031-Wo6kuutE9i7\tasks-island_0.json,113,6,plug_in,charge,Plug in the cellular_telephone.,Charge the cellular_telephone.,Charge the cellular telephone.
00031-Wo6kuutE9i7\tasks-island_0.json,122,6,turn_on,light,Turn on the candlestick.,Light the candlestick.,Light the candlestick.
00031-Wo6kuutE9i7\tasks-island_0.json,126,5,plug_in,charge,Plug in the laptop_computer.,Charge the laptop_computer.,Charge the laptop computer.
00031-Wo6kuutE9i7\tasks-island_0.json,129,5,turn_on,light,Turn on the candlestick.,Light the candlestick.,Light the candlestick.
00033-oPj9qMxrDEa\tasks-island_0.json,150,1,open,unload,Open washing machine.,Unload washing machine.,Unload the washing machine.
00034-6imZUJGRUq4\tasks-island_0.json,10,4,turn_on,light,Turn on the candle holder.,Light the candle holder.,Light the candle holder.
00034-6imZUJGRUq4\tasks-island_0.json,55,1,turn_on,brew,Turn on coffee maker.,Brew with coffee maker.,Brew coffee in the coffee maker.
00034-6imZUJGRUq4\tasks-island_0.json,61,4,open,unload,Open dishwasher.,Unload dishwasher.,Unload the dishwasher.
00034-6imZUJGRUq4\tasks-island_0.json,120,4,start_machine,brew,Start the coffee_maker.,Brew with the coffee_maker.,Brew a beverage with the coffee maker.
00034-6imZUJGRUq4\tasks-island_0.json,134,5,turn_on,light,Turn on the candle holder.,Light the candle holder.,Light the candle holder.
00034-6imZUJGRUq4\tasks-island_0.json,135,5,start_machine,brew,Start the coffee_maker.,Brew with the coffee_maker.,Brew a coffee with the coffee maker.
00034-6imZUJGRUq4\tasks-island_0.json,158,6,turn_on,light,Turn on the candle holder.,Light the candle holder.,Light the candles in the candle holder.
00034-6imZUJGRUq4\tasks-island_0.json,172,1,turn_on,light,Turn on the candle holder.,Light the candle holder.,Light the candle in the candle holder.
00034-6imZUJGRUq4\tasks-island_0.json,221,4,turn_on,light,Turn on the candle holder.,Light the candle holder.,Light the candle holder.
00034-6imZUJGRUq4\tasks-island_0.json,256,1,start_machine,brew,Start the coffee_maker.,Brew with the coffee_maker.,Brew coffee with the coffee maker.
00035-3XYAD64HpDr\tasks-island_1.json,119,5,open,unload,Open dishwasher.,Unload dishwasher.,Unload the dishwasher.
00035-3XYAD64HpDr\tasks-island_1.json,120,5,plug_in,charge,Plug in the tablet.,Charge the tablet.,Charge the tablet.
00043-Jfyvj3xn2aJ\tasks-island_2.json,6,3,tighten,repair,Tighten the kitchen cabinet.,Repair the loose kitchen cabinet door.,Repair the loose kitchen cabinet door.
00043-Jfyvj3xn2aJ\tasks-island_2.json,45,1,reposition,repair,Reposition the kitchen cabinet.,Repair the kitchen cabinet.,Repair the kitchen cabinet.
00057-1UnKg1rAb8A\tasks-island_0.json,58,1,straighten,iron,Straighten items on the ironing board.,Iron items on the ironing board.,Iron the shirt on the ironing board.
00057-1UnKg1rAb8A\tasks-island_0.json,70,1,straighten,iron,Straighten items on the ironing board.,Iron items on the ironing board.,Iron the baby's clothes on the ironing board.
00059-kJxT5qssH4H\tasks-island_1.json,38,2,reposition,repair,Reposition the sink.,Repair the sink.,Repair the sink.
00064-gQgtJ9Stk5s\tasks-island_0.json,18,2,straighten,iron,Straighten the ironing board.,Iron the ironing board.,Iron on the ironing board.
00064-gQgtJ9Stk5s\tasks-island_1.json,5,4,plug_in,charge,Plug in the cellular_telephone.,Charge the cellular_telephone.,Charge the cellular telephone.
00081-5biL7VEkByM\tasks-island_1.json,169,2,straighten,iron,Straighten the clothes.,Iron the clothes.,Iron the clothes.
00087-YY8rqV6L6rf\tasks-island_2.json,137,4,reposition,repair,Reposition the telephone.,Repair the telephone.,Repair the telephone.
00096-6HRFAUDqpTb\tasks-island_0.json,80,2,start_machine,brew,Start the coffee machine.,Brew with the coffee machine.,Brew a fresh pot using the coffee machine.
00096-6HRFAUDqpTb\tasks-island_0.json,88,3,attach,repair,Attach the stairs railing.,Repair the stairs railing.,Repair the stairs railing.
00096-6HRFAUDqpTb\tasks-island_0.json,122,4,open,unload,Open dishwasher.,Unload dishwasher.,Unload the dishwasher.
00096-6HRFAUDqpTb\tasks-island_1.json,28,1,plug_in,charge,Plug in the laptop.,Charge the laptop.,Charge the laptop.
00108-oStKKWkQ1id\tasks-island_0.json,144,2,plug_in,charge,Plug in the cellular_telephone.,Charge the cellular_telephone.,Charge the cellular telephone.
00108-oStKKWkQ1id\tasks-island_0.json,188,3,plug_in,charge,Plug in the laptop_computer.,Charge the laptop_computer.,Charge the laptop computer.
00109-GTV2Y73Sn5t\tasks-island_0.json,9,2,start_machine,brew,Start the coffee machine.,Brew with the coffee machine.,Brew a fresh pot using the coffee machine.
00109-GTV2Y73Sn5t\tasks-island_0.json,163,1,tighten,repair,Tighten the pipe.,Repair the pipe.,Repair the pipe.
00109-GTV2Y73Sn5t\tasks-island_0.json,167,2,turn_on,brew,Turn on coffee machine.,Brew with coffee machine.,Brew coffee.
00109-GTV2Y73Sn5t\tasks-island_0.json,173,1,tighten,repair,Tighten the pipe.,Repair the pipe.,Repair the pipe.
00135-HeSYRw7eMtG\tasks-island_0.json,12,1,turn_on,light,Turn on the candle.,Light the candle.,Light the candle.
00135-HeSYRw7eMtG\tasks-island_0.json,39,1,turn_on,light,Turn on the candle.,Light the candle.,Light the candle.
00135-HeSYRw7eMtG\tasks-island_0.json,75,3,turn_on,light,Turn on the candle on the mantel.,Light the candle on the mantel.,Light the candle on the mantel.
00135-HeSYRw7eMtG\tasks-island_0.json,106,5,turn_on,light,Turn on the candle.,Light the candle.,Light the candle.
00135-HeSYRw7eMtG\tasks-island_0.json,118,2,plug_in,charge,Plug in the cellular_telephone.,Charge the cellular_telephone.,Charge the cellular telephone.
00135-HeSYRw7eMtG\tasks-island_0.json,141,1,turn_on,light,Turn on the candle.,Light the candle.,Light the candle.
00135-HeSYRw7eMtG\tasks-island_0.json,174,3,turn_on,light,Turn on the candle.,Light the candle.,Light the candle.
00135-HeSYRw7eMtG\tasks-island_0.json,199,3,turn_on,light,Turn on the candle.,Light the candle.,Light the candle.
00135-HeSYRw7eMtG\tasks-island_0.json,206,7,turn_on,light,Turn on the candle.,Light the candle.,Light the candle.
00135-HeSYRw7eMtG\tasks-island_0.json,215,5,turn_on,light,Turn on the candle.,Light the candle.,Light the candle.
00135-HeSYRw7eMtG\tasks-island_0.json,241,3,turn_on,light,Turn on the candle.,Light the candle.,Light the decorative candle.
00141-iigzG1rtanx\tasks-island_0.json,9,3,tighten,repair,Tighten the pipe.,Repair the pipe.,Repair the pipe.
00141-iigzG1rtanx\tasks-island_0.json,11,5,tighten,repair,Tighten the pipe.,Repair the pipe.,Repair the pipe.
00141-iigzG1rtanx\tasks-island_1.json,50,3,reposition,repair,Reposition the dresser.,Repair the dresser.,Repair the dresser.
00141-iigzG1rtanx\tasks-island_1.json,50,5,reposition,repair,Reposition the cabinet.,Repair the cabinet.,Repair the cabinet.
00149-UuwwmrTsfBN\tasks-island_0.json,19,4,plug_in,charge,Plug in the cellular_telephone.,Charge the cellular_telephone.,Charge the cellular telephone.
00149-UuwwmrTsfBN\tasks-island_0.json,50,3,turn_on,light,Turn on the candle holder.,Light the candle holder.,Light the candle holder.
00149-UuwwmrTsfBN\tasks-island_0.json,68,4,turn_on,light,Turn on the candle holder.,Light the candle holder.,Light the candle holder for ambiance.
00149-UuwwmrTsfBN\tasks-island_0.json,85,5,turn_on,light,Turn on the candle holder.,Light the candle holder.,Light the candle holder.
00149-UuwwmrTsfBN\tasks-island_0.json,89,3,reposition,repair,Reposition the cabinet.,Repair the cabinet.,Repair the cabinet.
00149-UuwwmrTsfBN\tasks-island_0.json,94,3,turn_on,light,Turn on the candle holder.,Light the candle holder.,Light the candle holder.
00149-UuwwmrTsfBN\tasks-island_0.json,120,5,turn_on,light,Turn on the candle holder.,Light the candle holder.,Light the candle holder.
00149-UuwwmrTsfBN\tasks-island_0.json,126,5,reposition,repair,Reposition the toaster.,Repair the toaster.,Repair the toaster.
00149-UuwwmrTsfBN\tasks-island_0.json,134,3,turn_on,light,Turn on the candle holder.,Light the candle holder.,Light the candle holder.
00149-UuwwmrTsfBN\tasks-island_0.json,147,4,turn_on,light,Turn on the candle holder.,Light the candle holder.,Light the candle holder.
00150-LcAd9dhvVwh\tasks-island_0.json,194,3,open,unload,Open dishwasher.,Unload dishwasher.,Unload the dishwasher.
00150-LcAd9dhvVwh\tasks-island_0.json,220,4,plug_in,charge,Plug in the cellular_telephone.,Charge the cellular_telephone.,Charge the cellular telephone.
00155-iLDo95ZbDJq\tasks-island_0.json,157,4,open,unload,Open dishwasher.,Unload dishwasher.,Unload the dishwasher.
00166-RaYrxWt5pR1\tasks-island_0.json,31,5,turn_on,light,Turn on the candle.,Light the candle.,Light the candle.
00166-RaYrxWt5pR1\tasks-island_0.json,60,2,turn_on,light,Turn on the candle.,Light the candle.,Light the scented candle.
00166-RaYrxWt5pR1\tasks-island_0.json,67,1,turn_on,light,Turn on the candle.,Light the candle.,Light the candle.
00166-RaYrxWt5pR1\tasks-island_0.json,73,3,turn_on,light,Turn on the candle.,Light the candle.,Light the candle.
00166-RaYrxWt5pR1\tasks-island_0.json,85,4,turn_on,light,Turn on the candle.,Light the candle.,Light the candle.
00166-RaYrxWt5pR1\tasks-island_0.json,90,1,turn_on,light,Turn on the candle.,Light the candle.,Light the candle.
00166-RaYrxWt5pR1\tasks-island_0.json,107,1,turn_on,light,Turn on the candle.,Light the candle.,Light the candle.
00168-bHKTDQFJxTw\tasks-island_0.json,8,4,reposition,repair,Reposition the toilet.,Repair the toilet.,Repair the toilet.
00168-bHKTDQFJxTw\tasks-island_0.json,11,2,reposition,repair,Reposition the toilet.,Repair the toilet.,Repair the toilet.
00168-bHKTDQFJxTw\tasks-island_0.json,17,1,reposition,repair,Reposition the machine.,Repair the machine.,Repair the machine.
00168-bHKTDQFJxTw\tasks-island_0.json,61,6,reposition,repair,Reposition the machine.,Repair the machine in the restroom area.,Repair the machine in the restroom area.
00168-bHKTDQFJxTw\tasks-island_0.json,85,3,reposition,repair,Reposition the machine.,Repair the machine.,Repair the machine.
00172-bB6nKqfsb1z\tasks-island_0.json,52,2,plug_in,charge,Plug in the cellular_telephone.,Charge the cellular_telephone.,Charge the cellular telephone.
00173-qZ4B7U6XE5Y\tasks-island_0.json,82,5,turn_on,brew,Turn on kettle.,Brew with kettle.,Brew tea using the kettle.
00177-VSxVP19Cdyw\tasks-island_0.json,118,1,open,unload,Open washing machine.,Unload washing machine.,Unload the washing machine.
00188-dQrLTxHvLXU\tasks-island_0.json,61,5,open,unload,Open dishwasher.,Unload dishwasher.,Unload the dishwasher.
00203-VoVGtfYrpuQ\tasks-island_0.json,16,2,open,unload,Open dishwasher.,Unload dishwasher.,Unload the dishwasher.
00210-j2EJhFEQGCL\tasks-island_0.json,36,2,set_control,tune,Adjust the guitar.,Tune the guitar.,Tune the guitar.
00210-j2EJhFEQGCL\tasks-island_0.json,77,2,set_control,tune,Adjust the guitar.,Tune the guitar.,Tune the guitar.
00210-j2EJhFEQGCL\tasks-island_0.json,102,1,set_control,tune,Adjust the guitar.,Tune the guitar.,Adjust the guitar.
00210-j2EJhFEQGCL\tasks-island_0.json,145,3,set_control,tune,Adjust the guitar.,Tune the guitar.,Tune the guitar.
00217-qz3829g1Lzf\tasks-island_0.json,20,4,turn_on,light,Turn on the candle holder.,Light the candle holder.,Light the candle holder.
00217-qz3829g1Lzf\tasks-island_0.json,95,5,turn_on,light,Turn on the candle holder.,Light the candle holder.,Light the candle holder.
00217-qz3829g1Lzf\tasks-island_0.json,97,1,start_machine,brew,Start the coffee machine.,Brew with the coffee machine.,Brew coffee with the coffee machine.
00217-qz3829g1Lzf\tasks-island_0.json,126,5,turn_on,light,Turn on the candle holder.,Light the candle holder.,Light the candle holder.
00217-qz3829g1Lzf\tasks-island_0.json,145,4,turn_on,light,Turn on the candle holder.,Light the candle holder.,Light the candle holder.
00217-qz3829g1Lzf\tasks-island_0.json,165,4,turn_on,light,Turn on the candle holder.,Light the candle holder.,Light the candle holder.
00234-nACV8wLu1u5\tasks-island_1.json,124,1,open,unload,Open dishwasher.,Unload dishwasher.,Unload the dishwasher.
00234-nACV8wLu1u5\tasks-island_1.json,135,3,start_machine,brew,Start the coffee machine.,Brew with the coffee machine.,Brew coffee with the coffee machine.
00238-j6fHrce9pHR\tasks-island_0.json,70,4,plug_in,charge,Plug in the cellular_telephone.,Charge the cellular_telephone.,Charge the cellular_telephone.
00238-j6fHrce9pHR\tasks-island_0.json,178,3,plug_in,charge,Plug in the laptop_computer.,Charge the laptop_computer.,Charge the laptop computer.
00238-j6fHrce9pHR\tasks-island_0.json,345,7,plug_in,charge,Plug in the cellular_telephone.,Charge the cellular_telephone.,Charge the cellular telephone for the drive.
00238-j6fHrce9pHR\tasks-island_0.json,356,7,plug_in,charge,Plug in the cellular_telephone.,Charge the cellular_telephone.,Charge the cellular telephone for the day.
00238-j6fHrce9pHR\tasks-island_0.json,362,5,plug_in,charge,Plug in the cellular_telephone.,Charge the cellular_telephone.,Charge the cellular telephone for the flight.
00238-j6fHrce9pHR\tasks-island_0.json,365,5,turn_on,brew,Turn on kettle.,Brew with kettle.,Brew some tea in the kettle.
00238-j6fHrce9pHR\tasks-island_0.json,425,5,plug_in,charge,Plug in the cellular_telephone.,Charge the cellular_telephone.,Charge the cellular telephone.
00238-j6fHrce9pHR\tasks-island_0.json,429,2,attach,repair,Attach the handle.,Repair the handle.,Repair the handle.
00245-741Fdj7NLF9\tasks-island_0.json,62,1,straighten,iron,Straighten items on the ironing board.,Iron items on the ironing board.,Iron clothes on the ironing board.
00245-741Fdj7NLF9\tasks-island_0.json,66,4,reposition,repair,Reposition the sink.,Repair the sink.,Repair the sink.
00245-741Fdj7NLF9\tasks-island_0.json,97,5,reposition,repair,Reposition the drawer.,Repair the drawer.,Repair the drawer.
00250-U3oQjwTuMX8\tasks-island_0.json,37,3,start_machine,brew,Start the coffee machine.,Brew with the coffee machine.,Brew coffee in the coffee machine.
00250-U3oQjwTuMX8\tasks-island_0.json,53,2,start_machine,brew,Start the coffee machine.,Brew with the coffee machine.,Brew coffee in the coffee machine.
00250-U3oQjwTuMX8\tasks-island_0.json,136,5,reposition,repair,Reposition the sink.,Repair the sink.,Repair the sink.
00250-U3oQjwTuMX8\tasks-island_0.json,155,4,attach,repair,Attach the shelf.,Repair the shelf.,Repair the shelf.
00250-U3oQjwTuMX8\tasks-island_0.json,227,4,plug_in,charge,Plug in the cellular_telephone.,Charge the cellular_telephone.,Charge the cellular telephone.
00250-U3oQjwTuMX8\tasks-island_0.json,368,2,start_machine,brew,Start the coffee machine.,Brew with the coffee machine.,Brew coffee with the coffee machine.
00251-wsAYBFtQaL7\tasks-island_0.json,81,1,set_control,tune,Adjust the guitar.,Tune the guitar.,Tune the guitar.
00251-wsAYBFtQaL7\tasks-island_0.json,104,1,set_control,tune,Adjust the guitar.,Tune the guitar.,Tune the guitar.
00251-wsAYBFtQaL7\tasks-island_0.json,124,2,set_control,tune,Adjust the guitar in the study.,Tune the guitar in the study.,Tune the guitar in the study.
00251-wsAYBFtQaL7\tasks-island_0.json,192,1,set_control,tune,Adjust the guitar.,Tune the guitar.,Tune the guitar.
00251-wsAYBFtQaL7\tasks-island_0.json,285,5,attach,repair,Attach the garage door railing.,Repair the garage door railing.,Repair the garage door railing.
00251-wsAYBFtQaL7\tasks-island_0.json,368,1,set_control,tune,Adjust the guitar.,Tune the guitar.,Tune the guitar.
00251-wsAYBFtQaL7\tasks-island_0.json,377,5,reposition,repair,Reposition the vent.,Repair the vent.,Repair the vent.
00254-YMNvYDhK8mB\tasks-island_1.json,77,3,tighten,repair,Tighten the desk chair.,Repair the caster on the desk chair.,Repair the caster on the desk chair.
00254-YMNvYDhK8mB\tasks-island_1.json,78,5,plug_in,charge,Plug in the laptop.,Charge the laptop.,Charge the laptop before starting.
00254-YMNvYDhK8mB\tasks-island_1.json,149,5,reposition,repair,Reposition the keyboard.,Repair the keyboard.,Repair the keyboard.
00255-NGyoyh91xXJ\tasks-island_0.json,31,1,reposition,repair,Reposition the ventilation.,Repair the ventilation.,Repair the ventilation.
00255-NGyoyh91xXJ\tasks-island_0.json,38,1,reposition,repair,Reposition the ventilation.,Repair the ventilation.,Repair the ventilation.
00255-NGyoyh91xXJ\tasks-island_0.json,54,3,reposition,repair,Reposition the cabinet door.,Repair the cabinet door.,Repair the cabinet door.
00258-2Pc8W48bu21\tasks-island_0.json,47,4,open,unload,Open clothes dryer.,Unload clothes dryer.,Unload the clothes dryer.
00262-1xGrZPxG1Hz\tasks-island_1.json,31,1,straighten,iron,Straighten items on the iron board.,Iron items on the iron board.,Iron the clothes on the iron board.
00269-JNiWU5TZLtt\tasks-island_0.json,74,4,reposition,repair,Reposition the rack.,Repair the rack.,Repair the rack.
00269-JNiWU5TZLtt\tasks-island_0.json,144,6,plug_in,charge,Plug in the cellular_telephone.,Charge the cellular_telephone.,Charge the cellular telephone.
00272-kA2nG18hCAr\tasks-island_0.json,71,5,reposition,repair,Reposition the fireplace utensil.,Repair the fireplace utensil handle.,Repair the fireplace utensil handle.
00294-PPTLa8SkUfo\tasks-island_0.json,5,3,reposition,repair,Reposition the heater.,Repair the heater unit.,Repair the heater unit.
00294-PPTLa8SkUfo\tasks-island_0.json,23,3,turn_on,light,Turn on the candlestick.,Light the candlestick.,Light the candlestick.
00294-PPTLa8SkUfo\tasks-island_0.json,38,1,open,unload,Open dishwasher.,Unload dishwasher.,Unload the dishwasher.
00294-PPTLa8SkUfo\tasks-island_0.json,53,5,turn_on,light,Turn on the candle holder.,Light the candle holder.,Light the candles in the candle holder.
00294-PPTLa8SkUfo\tasks-island_0.json,58,4,plug_in,charge,Plug in the cellular_telephone.,Charge the cellular_telephone.,Charge the cellular telephone.
00294-PPTLa8SkUfo\tasks-island_0.json,69,4,open,unload,Open dishwasher.,Unload dishwasher.,Unload the dishwasher.
00294-PPTLa8SkUfo\tasks-island_0.json,114,5,turn_on,light,Turn on the candlestick.,Light the candlestick.,Light the candlestick.
00294-PPTLa8SkUfo\tasks-island_0.json,133,1,turn_on,light,Turn on the candle holder in the dining area.,Light the candle holder in the dining area.,Light the candle holder in the dining area.
00294-PPTLa8SkUfo\tasks-island_0.json,138,5,turn_on,light,Turn on the candle holder.,Light the candle holder.,Light the candle holder.
00294-PPTLa8SkUfo\tasks-island_0.json,144,4,reposition,repair,Reposition the heater.,Repair the heater in the bedroom.,Repair the heater in the bedroom.
00294-PPTLa8SkUfo\tasks-island_0.json,145,5,turn_on,light,Turn on the candle holder.,Light the candle holder.,Light the candle holder.
00294-PPTLa8SkUfo\tasks-island_0.json,166,3,reposition,repair,Reposition the heater.,Repair the heater.,Repair the heater.
00294-PPTLa8SkUfo\tasks-island_0.json,181,2,turn_on,light,Turn on the candlestick.,Light the candlestick.,Light the candlestick.
00294-PPTLa8SkUfo\tasks-island_0.json,188,1,turn_on,light,Turn on the candlestick.,Light the candlestick.,Light the candlestick.
00294-PPTLa8SkUfo\tasks-island_0.json,202,5,plug_in,charge,Plug in the cellular_telephone.,Charge the cellular_telephone.,Charge the cellular telephone.
00294-PPTLa8SkUfo\tasks-island_0.json,209,6,attach,repair,Attach the railing.,Repair the railing.,Repair the railing.
00294-PPTLa8SkUfo\tasks-island_0.json,217,3,attach,repair,Attach the shelf.,Repair the shelf.,Repair the shelf.
00294-PPTLa8SkUfo\tasks-island_0.json,272,2,open,unload,Open dishwasher.,Unload dishwasher.,Unload the dishwasher.
00294-PPTLa8SkUfo\tasks-island_0.json,276,6,reposition,repair,Reposition the bench.,Repair the bench.,Repair the bench.
00294-PPTLa8SkUfo\tasks-island_0.json,285,6,turn_on,light,Turn on the candle holder.,Light the candle holder.,Light the candle holder.
00294-PPTLa8SkUfo\tasks-island_0.json,291,6,reposition,repair,Reposition the bench.,Repair the bench.,Repair the bench.
00294-PPTLa8SkUfo\tasks-island_0.json,292,2,turn_on,light,Turn on the candlestick.,Light the candlestick.,Light the candlestick.
00299-bdp1XNEdvmW\tasks-island_0.json,55,4,reposition,repair,Reposition the cabinet.,Repair the cabinet.,Repair the cabinet.
00299-bdp1XNEdvmW\tasks-island_0.json,73,4,start_machine,brew,Start the coffee machine.,Brew with the coffee machine.,Brew coffee with the coffee machine.
00299-bdp1XNEdvmW\tasks-island_0.json,95,1,straighten,iron,Straighten the iron board.,Iron the iron board.,Iron the clothes.
00299-bdp1XNEdvmW\tasks-island_0.json,112,1,straighten,iron,Straighten items on the iron board.,Iron items on the iron board.,Iron the work shirt on the iron board.
00299-bdp1XNEdvmW\tasks-island_0.json,112,6,start_machine,brew,Start the coffee machine.,Brew with the coffee machine.,Brew coffee with the coffee machine.
00304-X6Pct1msZv5\tasks-island_0.json,140,3,straighten,iron,Straighten the clothes.,Iron the clothes.,Iron the clothes.
00307-vDfkYo5VqEQ\tasks-island_0.json,84,2,open,unload,Open dishwasher.,Unload dishwasher.,Unload the dishwasher.
00307-vDfkYo5VqEQ\tasks-island_0.json,100,3,open,unload,Open dishwasher.,Unload dishwasher.,Unload the dishwasher.
00313-PE6kVEtrxtj\tasks-island_0.json,148,5,open,unload,Open dishwasher.,Unload dishwasher.,Unload the dishwasher.
00326-u9rPN5cHWBg\tasks-island_0.json,297,2,start_machine,brew,Start the coffee_maker.,Brew with the coffee_maker.,Brew coffee using the coffee maker.
00326-u9rPN5cHWBg\tasks-island_0.json,310,3,start_machine,brew,Start the coffee_maker.,Brew with the coffee_maker.,Brew coffee with the coffee maker.
00326-u9rPN5cHWBg\tasks-island_0.json,321,3,start_machine,brew,Start the coffee_maker.,Brew with the coffee_maker.,Brew coffee with the coffee maker.
00326-u9rPN5cHWBg\tasks-island_0.json,341,6,start_machine,brew,Start the coffee_maker.,Brew with the coffee_maker.,Brew coffee with the coffee maker.
00326-u9rPN5cHWBg\tasks-island_0.json,370,2,straighten,iron,Straighten the jacket.,Iron the jacket.,Iron the jacket.
00327-xgLmjqzoAzF\tasks-island_0.json,16,1,open,unload,Open dishwasher.,Unload dishwasher.,Unload the dishwasher.
00327-xgLmjqzoAzF\tasks-island_0.json,143,1,straighten,iron,Straighten the ironing board.,Iron the ironing board.,Iron the clothes.
00327-xgLmjqzoAzF\tasks-island_0.json,150,1,start_machine,brew,Start the coffee machine.,Brew with the coffee machine.,Brew a fresh pot of coffee in the coffee machine.
00327-xgLmjqzoAzF\tasks-island_0.json,154,1,open,unload,Open dishwasher.,Unload dishwasher.,Unload the clean dishes from the dishwasher.
00327-xgLmjqzoAzF\tasks-island_0.json,155,2,plug_in,charge,Plug in the camera.,Charge the camera.,Charge the battery in the camera.
00327-xgLmjqzoAzF\tasks-island_0.json,196,1,start_machine,brew,Start the coffee machine.,Brew with the coffee machine.,Brew coffee with the coffee machine.
00327-xgLmjqzoAzF\tasks-island_0.json,285,3,tighten,repair,Tighten the pipe.,Repair the pipe.,Repair the pipe.
00327-xgLmjqzoAzF\tasks-island_0.json,289,4,straighten,iron,Straighten the ironing board.,Iron the ironing board.,Iron on the ironing board.
00327-xgLmjqzoAzF\tasks-island_0.json,316,7,straighten,iron,Straighten the clothes on the board.,Iron the clothes on the board.,Iron the clothes on the board.
00366-fxbzYAGkrtm\tasks-island_0.json,41,2,attach,repair,Attach the shelf.,Repair the shelf in the lounge.,Repair the shelf in the lounge.
00378-DqJKU7YU7dA\tasks-island_1.json,49,1,turn_on,light,Turn on the fireplace sconce.,Light the fireplace sconce.,Light the fireplace sconce.
00378-DqJKU7YU7dA\tasks-island_1.json,49,3,turn_on,light,Turn on the candle.,Light the candle.,Light a candle.
00378-DqJKU7YU7dA\tasks-island_1.json,57,1,plug_in,charge,Plug in the cellular_telephone.,Charge the cellular_telephone.,Charge the cellular telephone.
00378-DqJKU7YU7dA\tasks-island_1.json,87,4,turn_on,light,Turn on the candle.,Light the candle.,Light the candle.
00378-DqJKU7YU7dA\tasks-island_1.json,96,4,turn_on,light,Turn on the candle.,Light the candle.,Light the candle.
00378-DqJKU7YU7dA\tasks-island_1.json,105,5,turn_on,light,Turn on the fireplace sconce.,Light the fireplace sconce.,Turn on the fireplace sconce for light.
00378-DqJKU7YU7dA\tasks-island_1.json,114,3,turn_on,light,Turn on the fireplace sconce.,Light the fireplace sconce.,Light the fireplace sconce.
00378-DqJKU7YU7dA\tasks-island_1.json,135,4,turn_on,light,Turn on the candle.,Light the candle.,Light the candle.
00378-DqJKU7YU7dA\tasks-island_1.json,168,3,turn_on,light,Turn on the fireplace sconce.,Light the fireplace sconce.,Light the fireplace sconce.
00378-DqJKU7YU7dA\tasks-island_1.json,171,1,open,unload,Open dishwasher.,Unload dishwasher.,Unload the dishwasher.
00378-DqJKU7YU7dA\tasks-island_1.json,190,1,turn_on,light,Turn on the fireplace sconce.,Light the fireplace sconce.,Light the fireplace sconce.
00378-DqJKU7YU7dA\tasks-island_1.json,206,3,open,unload,Open dishwasher.,Unload dishwasher.,Unload the dishwasher.
00378-DqJKU7YU7dA\tasks-island_1.json,221,3,turn_on,light,Turn on the fireplace sconce.,Light the fireplace sconce.,Turn on the fireplace sconce.
00378-DqJKU7YU7dA\tasks-island_1.json,227,6,turn_on,light,Turn on the candle.,Light the candle.,Light the candle.
00378-DqJKU7YU7dA\tasks-island_1.json,231,3,turn_on,light,Turn on the fireplace sconce.,Light the fireplace sconce.,Light the fireplace sconce.
00378-DqJKU7YU7dA\tasks-island_1.json,250,7,turn_on,light,Turn on the candle.,Light the candle.,Light the candle.
00378-DqJKU7YU7dA\tasks-island_1.json,260,4,turn_on,light,Turn on the fireplace sconce.,Light the fireplace sconce.,Light the fireplace sconce.
00378-DqJKU7YU7dA\tasks-island_1.json,265,3,turn_on,light,Turn on the candle.,Light the candle.,Light the candle.
00378-DqJKU7YU7dA\tasks-island_1.json,271,3,turn_on,light,Turn on the fireplace sconce.,Light the fireplace sconce.,Turn on the fireplace sconce.
00378-DqJKU7YU7dA\tasks-island_1.json,276,2,turn_on,light,Turn on the candle.,Light the candle.,Light the candle.
00378-DqJKU7YU7dA\tasks-island_1.json,278,1,turn_on,light,Turn on the fireplace sconce.,Light the fireplace sconce.,Turn on the fireplace sconce.
00378-DqJKU7YU7dA\tasks-island_1.json,278,3,turn_on,light,Turn on the candle.,Light the candle.,Light the candle.
00378-DqJKU7YU7dA\tasks-island_1.json,281,7,turn_on,light,Turn on the candle.,Light the candle.,Light the candle.
00378-DqJKU7YU7dA\tasks-island_1.json,282,6,tighten,repair,Tighten the chair.,Repair the chair.,Repair the chair.
00378-DqJKU7YU7dA\tasks-island_1.json,291,6,turn_on,light,Turn on the candle.,Light the candle.,Light the candle.
00378-DqJKU7YU7dA\tasks-island_1.json,303,6,turn_on,light,Turn on the candle.,Light the candle.,Light a candle.
00378-DqJKU7YU7dA\tasks-island_1.json,304,5,turn_on,light,Turn on the fireplace sconce.,Light the fireplace sconce.,Light the fireplace sconce.
00382-S7uMvxjBVZq\tasks-island_0.json,185,5,plug_in,charge,Plug in the laptop.,Charge the laptop.,Charge the laptop.
00384-ceJTwFNjqCt\tasks-island_0.json,27,3,set_control,tune,Adjust the guitar on the stand.,Tune the guitar on the stand.,Tune the guitar on the stand.
00384-ceJTwFNjqCt\tasks-island_0.json,39,2,set_control,tune,Adjust the electric guitar.,Tune the electric guitar.,Tune the electric guitar.
00384-ceJTwFNjqCt\tasks-island_0.json,69,1,set_control,tune,Adjust the guitar.,Tune the guitar.,Tune the guitar.
00384-ceJTwFNjqCt\tasks-island_0.json,136,5,set_control,tune,Adjust the guitar on the wall.,Tune the guitar on the wall.,Tune the guitar on the wall.
00384-ceJTwFNjqCt\tasks-island_0.json,142,5,set_control,tune,Adjust the electric guitar.,Tune the electric guitar.,Tune the electric guitar.
00384-ceJTwFNjqCt\tasks-island_0.json,170,5,set_control,tune,Adjust the guitar for the display.,Tune the guitar for the display.,Tune the guitar for the display.
00386-b3WpMbPFB6q\tasks-island_0.json,6,2,turn_on,light,Turn on the candle holder.,Light the candle holder.,Light the candle holder.
00386-b3WpMbPFB6q\tasks-island_0.json,32,3,turn_on,light,Turn on the candle holder.,Light the candle holder.,Light the candle holder.
00386-b3WpMbPFB6q\tasks-island_0.json,75,5,attach,repair,Attach the shelf.,Repair the shelf.,Repair the shelf.
00386-b3WpMbPFB6q\tasks-island_0.json,78,4,turn_on,light,Turn on the candle holder.,Light the candle holder.,Light the candle holder.
00386-b3WpMbPFB6q\tasks-island_0.json,201,5,turn_on,light,Turn on the candle holder.,Light the candle holder.,Light a candle in the holder.
00386-b3WpMbPFB6q\tasks-island_0.json,247,5,turn_on,light,Turn on the candle holder.,Light the candle holder.,Light a candle in the candle holder.
00386-b3WpMbPFB6q\tasks-island_0.json,254,4,turn_on,light,Turn on the candle holder.,Light the candle holder.,Light a candle in the candle holder.
00397-ZNanfzgCdm3\tasks-island_0.json,4,3,reposition,repair,Reposition the kitchen lower cabinet.,Repair the kitchen lower cabinet.,Repair the kitchen lower cabinet.
00397-ZNanfzgCdm3\tasks-island_0.json,22,5,plug_in,charge,Plug in the laptop_computer.,Charge the laptop_computer.,Charge the laptop computer.
00397-ZNanfzgCdm3\tasks-island_0.json,28,4,plug_in,charge,Plug in the cellular_telephone.,Charge the cellular_telephone.,Charge the cellular telephone.
00397-ZNanfzgCdm3\tasks-island_0.json,36,3,plug_in,charge,Plug in the cellular_telephone.,Charge the cellular_telephone.,Charge the cellular telephone.
00397-ZNanfzgCdm3\tasks-island_0.json,46,3,plug_in,charge,Plug in the cellular_telephone.,Charge the cellular_telephone.,Charge the cellular telephone.
00397-ZNanfzgCdm3\tasks-island_0.json,53,3,start_machine,brew,Start the coffee machine.,Brew with the coffee machine.,Brew coffee with the coffee machine.
00397-ZNanfzgCdm3\tasks-island_0.json,77,4,reposition,repair,Reposition the sink cabinet.,Repair the sink cabinet.,Repair the sink cabinet.
00407-NPHxDe6VeCc\tasks-island_1.json,29,5,turn_on,light,Turn on the candle on the table.,Light the candle on the table.,Light the candle on the table.
00407-NPHxDe6VeCc\tasks-island_1.json,35,2,set_control,tune,Adjust the guitar.,Tune the guitar.,Tune the guitar.
00407-NPHxDe6VeCc\tasks-island_1.json,55,1,set_control,tune,Adjust the guitar.,Tune the guitar.,Tune the guitar.
00407-NPHxDe6VeCc\tasks-island_1.json,59,3,turn_on,light,Turn on the candle.,Light the candle.,Light a candle.
00407-NPHxDe6VeCc\tasks-island_1.json,76,2,set_control,tune,Adjust the guitar.,Tune the guitar.,Tune the guitar.
00407-NPHxDe6VeCc\tasks-island_1.json,82,2,turn_on,light,Turn on the candle.,Light the candle.,Light the candle.
00407-NPHxDe6VeCc\tasks-island_1.json,102,4,turn_on,light,Turn on the candle.,Light the candle.,Light the candle.
00407-NPHxDe6VeCc\tasks-island_1.json,118,5,turn_on,light,Turn on the candle.,Light the candle.,Light the candle.
00407-NPHxDe6VeCc\tasks-island_1.json,128,2,set_control,tune,Adjust the guitar.,Tune the guitar.,Tune the guitar.
00407-NPHxDe6VeCc\tasks-island_1.json,129,7,turn_on,light,Turn on the candle.,Light the candle.,Light the candle.
00407-NPHxDe6VeCc\tasks-island_1.json,141,4,turn_on,light,Turn on the candle.,Light the candle.,Light the candle.
00407-NPHxDe6VeCc\tasks-island_1.json,144,6,turn_on,light,Turn on the candle.,Light the candle.,Light the candle.
00407-NPHxDe6VeCc\tasks-island_1.json,151,4,turn_on,light,Turn on the candle.,Light the candle.,Light the candle.
00407-NPHxDe6VeCc\tasks-island_1.json,157,5,turn_on,light,Turn on the candle.,Light the candle.,Light the candle.
00407-NPHxDe6VeCc\tasks-island_1.json,166,2,set_control,tune,Adjust the guitar.,Tune the guitar.,Tune the guitar.
00407-NPHxDe6VeCc\tasks-island_1.json,170,5,set_control,tune,Adjust the guitar.,Tune the guitar.,Tune the guitar.
00407-NPHxDe6VeCc\tasks-island_1.json,171,4,turn_on,light,Turn on the candle.,Light the candle.,Light the candle.
00410-v7DzfFFEpsD\tasks-island_1.json,146,3,turn_on,light,Turn on the candle holder.,Light the candle holder.,Light the candle holder.
00410-v7DzfFFEpsD\tasks-island_1.json,182,4,turn_on,light,Turn on the candle holder.,Light the candle holder.,Light a candle in the candle holder.
00410-v7DzfFFEpsD\tasks-island_1.json,202,1,open,unload,Open dishwasher.,Unload dishwasher.,Unload the dishwasher.
00410-v7DzfFFEpsD\tasks-island_1.json,211,2,turn_on,light,Turn on the candle holder.,Light the candle holder.,Light the candle holder.
00410-v7DzfFFEpsD\tasks-island_1.json,258,7,turn_on,light,Turn on the candle holder.,Light the candle holder.,Light the candle holder.
00414-77mMEyxhs44\tasks-island_1.json,26,2,set_control,tune,Adjust the electric guitar.,Tune the electric guitar.,Tune the electric guitar.
00414-77mMEyxhs44\tasks-island_1.json,42,4,set_control,tune,Adjust the guitar.,Tune the guitar.,Tune the guitar.
00414-77mMEyxhs44\tasks-island_1.json,54,1,set_control,tune,Adjust the electric guitar.,Tune the electric guitar.,Tune the electric guitar.
00414-77mMEyxhs44\tasks-island_1.json,118,4,set_control,tune,Adjust the guitar.,Tune the guitar.,Tune the guitar.
00414-77mMEyxhs44\tasks-island_1.json,136,2,set_control,tune,Adjust the electric guitar.,Tune the electric guitar.,Tune the electric guitar
00414-77mMEyxhs44\tasks-island_1.json,150,4,tighten,repair,Tighten the chair.,Repair the chair.,Repair the chair
00417-nGhNxKrgBPb\tasks-island_0.json,8,1,turn_on,light,Turn on the candle.,Light the candle.,Light the candle.
00417-nGhNxKrgBPb\tasks-island_0.json,24,4,turn_on,light,Turn on the candle.,Light the candle.,Light the candle.
00417-nGhNxKrgBPb\tasks-island_0.json,62,3,turn_on,light,Turn on the candle.,Light the candle.,Light the candle.
00417-nGhNxKrgBPb\tasks-island_0.json,91,2,open,unload,Open dishwasher.,Unload dishwasher.,Unload the dishwasher.
00417-nGhNxKrgBPb\tasks-island_0.json,94,4,turn_on,light,Turn on the candle.,Light the candle.,Light the candle.
00417-nGhNxKrgBPb\tasks-island_0.json,105,5,turn_on,light,Turn on the candle.,Light the candle.,Light the candle.
00417-nGhNxKrgBPb\tasks-island_0.json,127,3,turn_on,light,Turn on the candle.,Light the candle.,Light the candle.
00417-nGhNxKrgBPb\tasks-island_0.json,139,5,turn_on,light,Turn on the candle.,Light the candle.,Light the candle.
00417-nGhNxKrgBPb\tasks-island_0.json,142,3,turn_on,light,Turn on the candle.,Light the candle.,Light the candle for a pleasant scent.
00417-nGhNxKrgBPb\tasks-island_2.json,27,1,plug_in,charge,Plug in the laptop_computer.,Charge the laptop_computer.,Charge the laptop computer.
00434-L5QEsaVqwrY\tasks-island_0.json,17,3,reposition,repair,Reposition the sink.,Repair the sink.,Repair the sink.
00434-L5QEsaVqwrY\tasks-island_0.json,113,1,open,unload,Open dishwasher.,Unload dishwasher.,Unload the clean dishes from the dishwasher.
00434-L5QEsaVqwrY\tasks-island_0.json,151,2,plug_in,charge,Plug in the cellular_telephone.,Charge the cellular_telephone.,Charge the cellular telephone.
00434-L5QEsaVqwrY\tasks-island_0.json,297,2,plug_in,charge,Plug in the laptop_computer.,Charge the laptop_computer.,Charge the laptop computer.
00434-L5QEsaVqwrY\tasks-island_0.json,365,3,reposition,repair,Reposition the sink.,Repair the sink pipes.,Repair the sink pipes.
00434-L5QEsaVqwrY\tasks-island_0.json,433,3,reposition,repair,Reposition the copier machine.,Repair the copier machine.,Repair the copier machine.
00444-sX9xad6ULKc\tasks-island_0.json,109,2,open,unload,Open laundry machine.,Unload laundry machine.,Unload the laundry machine.
00475-g7hUFVNac26\tasks-island_0.json,19,1,start_machine,brew,Start the coffee machine.,Brew with the coffee machine.,Brew coffee in the coffee machine.
00475-g7hUFVNac26\tasks-island_0.json,38,1,open,unload,Open laundry machine.,Unload laundry machine.,Unload the laundry machine.
00475-g7hUFVNac26\tasks-island_0.json,62,3,start_machine,brew,Start the coffee machine.,Brew with the coffee machine.,Brew coffee with the coffee machine.
00475-g7hUFVNac26\tasks-island_0.json,416,2,attach,repair,Attach the railing.,Repair the railing.,Repair the railing.
00475-g7hUFVNac26\tasks-island_0.json,505,7,plug_in,charge,Plug in the cellular_telephone.,Charge the cellular_telephone.,Charge the cellular telephone.
00487-erXNfWVjqZ8\tasks-island_0.json,77,2,turn_on,brew,Turn on coffee machine.,Brew with coffee machine.,Brew with the coffee machine.
00495-CQWES1bawee\tasks-island_0.json,111,3,reposition,repair,Reposition the sink.,Repair the sink connection.,Repair the sink connection.
00495-CQWES1bawee\tasks-island_0.json,260,5,straighten,iron,Straighten the ironing board.,Iron the ironing board.,Iron on the ironing board.
00495-CQWES1bawee\tasks-island_0.json,301,1,open,unload,Open dishwasher.,Unload dishwasher.,Unload the dishwasher.
00525-iKFn6fzyRqs\tasks-island_0.json,9,4,turn_on,light,Turn on the candle.,Light the candle.,Light the candle.
00525-iKFn6fzyRqs\tasks-island_0.json,69,5,turn_on,light,Turn on the candle.,Light the candle.,Light the decorative candle.
00525-iKFn6fzyRqs\tasks-island_0.json,79,2,turn_on,light,Turn on the candle.,Light the candle.,Light the candle.
00525-iKFn6fzyRqs\tasks-island_0.json,94,4,turn_on,light,Turn on the candle.,Light the candle.,Light the candle.
00525-iKFn6fzyRqs\tasks-island_0.json,99,2,turn_on,light,Turn on the candle.,Light the candle.,Light the candle.
00525-iKFn6fzyRqs\tasks-island_0.json,113,2,turn_on,light,Turn on the candle.,Light the candle.,Light the candle.
00525-iKFn6fzyRqs\tasks-island_0.json,118,1,turn_on,light,Turn on the candle.,Light the candle.,Light the candle.
00525-iKFn6fzyRqs\tasks-island_0.json,130,5,turn_on,light,Turn on the candle.,Light the candle.,Light the candle.
00525-iKFn6fzyRqs\tasks-island_0.json,134,1,open,unload,Open dishwasher.,Unload dishwasher.,Unload the dishwasher.
00525-iKFn6fzyRqs\tasks-island_0.json,143,1,turn_on,light,Turn on the candle.,Light the candle.,Light the candle.
00525-iKFn6fzyRqs\tasks-island_0.json,157,6,turn_on,light,Turn on the candle.,Light the candle.,Light the candle.
00525-iKFn6fzyRqs\tasks-island_0.json,172,1,turn_on,light,Turn on the candle.,Light the candle.,Light the candle.
00525-iKFn6fzyRqs\tasks-island_0.json,179,3,open,unload,Open clothes dryer.,Unload clothes dryer.,Unload the clothes dryer.
00525-iKFn6fzyRqs\tasks-island_0.json,187,1,turn_on,light,Turn on the candle.,Light the candle.,Light the candle.
00525-iKFn6fzyRqs\tasks-island_0.json,193,5,turn_on,light,Turn on the candle.,Light the candle.,Light the candle.
00534-DBBESbk4Y3k\tasks-island_0.json,15,5,start_machine,brew,Start the coffee_maker.,Brew with the coffee_maker.,Brew a fresh pot with the coffee maker.
00534-DBBESbk4Y3k\tasks-island_0.json,37,4,open,unload,Open dishwasher.,Unload dishwasher.,Unload the dishwasher.
00534-DBBESbk4Y3k\tasks-island_0.json,38,5,start_machine,brew,Start the coffee_maker.,Brew with the coffee_maker.,Brew some coffee with the coffee maker.
00534-DBBESbk4Y3k\tasks-island_0.json,73,1,open,unload,Open dishwasher.,Unload dishwasher.,Unload the dishwasher.
00537-oahi4u45xMf\tasks-island_0.json,41,2,open,unload,Open dishwasher.,Unload dishwasher.,Unload the clean dishes from the dishwasher.
00546-nS8T59Aw3sf\tasks-island_2.json,26,3,start_machine,brew,Start the coffee machine.,Brew with the coffee machine.,Brew a hot drink with the coffee machine.
00546-nS8T59Aw3sf\tasks-island_2.json,35,5,start_machine,brew,Start the coffee machine.,Brew with the coffee machine.,Brew coffee with the coffee machine.
00547-9h5JJxM6E5S\tasks-island_0.json,63,5,turn_on,light,Turn on the candle holder.,Light the candle holder.,Light the candle holder.
00547-9h5JJxM6E5S\tasks-island_0.json,73,1,turn_on,light,Turn on the candle holder.,Light the candle holder.,Light the candle holder.
00547-9h5JJxM6E5S\tasks-island_0.json,123,1,turn_on,light,Turn on the candle holder.,Light the candle holder.,Light the candle holder.
00547-9h5JJxM6E5S\tasks-island_0.json,139,2,turn_on,light,Turn on the candle holder.,Light the candle holder.,Turn on the candle holder.
00557-fRZhp6vWGw7\tasks-island_1.json,143,5,plug_in,charge,Plug in the cellular_telephone.,Charge the cellular_telephone.,Charge the cellular telephone.
00560-gjhYih4upQ9\tasks-island_0.json,2,2,start_machine,brew,Start the coffee_maker.,Brew with the coffee_maker.,Brew some coffee using the coffee maker.
00560-gjhYih4upQ9\tasks-island_0.json,42,3,start_machine,brew,Start the coffee machine.,Brew with the coffee machine.,Brew coffee with the coffee machine.
00560-gjhYih4upQ9\tasks-island_0.json,79,1,start_machine,brew,Start the coffee_maker.,Brew with the coffee_maker.,Brew coffee with the coffee maker.
00560-gjhYih4upQ9\tasks-island_0.json,79,6,plug_in,charge,Plug in the device.,Charge the device.,Charge the electronic device.
00560-gjhYih4upQ9\tasks-island_0.json,132,2,attach,repair,Attach the curtain rail.,Repair the curtain rail.,Repair the curtain rail.
00560-gjhYih4upQ9\tasks-island_0.json,158,3,start_machine,brew,Start the coffee machine.,Brew with the coffee machine.,Brew a drink in the coffee machine.
00560-gjhYih4upQ9\tasks-island_0.json,178,1,open,unload,Open dishwasher.,Unload dishwasher.,Unload the dishwasher.
00569-YJDUB7hWg9h\tasks-island_0.json,2,3,reposition,repair,Reposition the bath cabinet.,Repair the hinge on the bath cabinet.,Repair the hinge on the bath cabinet.
00569-YJDUB7hWg9h\tasks-island_0.json,9,4,open,unload,Open dishwasher.,Unload dishwasher.,Unload the dishwasher.
00582-TYDavTf8oyy\tasks-island_0.json,10,3,turn_on,light,Turn on the candle holder.,Light the candle holder.,Light the candle holder.
00582-TYDavTf8oyy\tasks-island_0.json,21,3,turn_on,light,Turn on the candle holder.,Light the candle holder.,Light the candle holder.
00591-JptJPosx1Z6\tasks-island_0.json,196,4,attach,repair,Attach the bookshelf.,Repair the bookshelf.,Repair the bookshelf.
00591-JptJPosx1Z6\tasks-island_0.json,282,1,plug_in,charge,Plug in the cellular_telephone.,Charge the cellular_telephone.,Charge the cellular telephone.
00591-JptJPosx1Z6\tasks-island_0.json,367,1,straighten,iron,Straighten the clothes.,Iron the clothes.,Iron the clothes.
00592-CthA7sQNTPK\tasks-island_1.json,72,1,start_machine,brew,Start the coffee_maker.,Brew with the coffee_maker.,Brew coffee using the coffee maker.
00592-CthA7sQNTPK\tasks-island_1.json,79,1,start_machine,brew,Start the coffee_maker.,Brew with the coffee_maker.,Brew tea using the coffee maker.
00598-mt9H8KcxRKD\tasks-island_0.json,4,4,plug_in,charge,Plug in the cellular_telephone.,Charge the cellular_telephone.,Charge the cellular telephone.
00606-W16Bm4ysK8v\tasks-island_0.json,33,5,open,unload,Open dishwasher.,Unload dishwasher.,Unload the dishwasher.
00606-W16Bm4ysK8v\tasks-island_0.json,148,3,open,unload,Open clothes dryer.,Unload clothes dryer.,Unload the clothes dryer.
00606-W16Bm4ysK8v\tasks-island_0.json,151,2,open,unload,Open dishwasher.,Unload dishwasher.,Unload the dishwasher.
00624-ooq3SnvC79d\tasks-island_0.json,11,2,plug_in,charge,Plug in the laptop.,Charge the laptop.,Charge the laptop.
00626-XiJhRLvpKpX\tasks-island_0.json,493,4,attach,repair,Attach the shelf.,Repair the shelf.,Repair the shelf.
00626-XiJhRLvpKpX\tasks-island_0.json,522,3,reposition,repair,Reposition the cabinet.,Repair the cabinet.,Repair the cabinet.
00643-ggNAcMh8JPT\tasks-island_0.json,83,1,plug_in,charge,Plug in the laptop_computer.,Charge the laptop_computer.,Charge the laptop computer.
00643-ggNAcMh8JPT\tasks-island_1.json,54,5,tighten,repair,Tighten the pipe.,Repair the leak in the pipe.,Repair the leak in the pipe.
00643-ggNAcMh8JPT\tasks-island_1.json,67,5,reposition,repair,Reposition the sink.,Repair the sink drain.,Repair the sink drain.
00643-ggNAcMh8JPT\tasks-island_1.json,90,1,straighten,iron,Straighten the robe.,Iron the robe.,Iron the robe.
00657-TSJmdttd2GV\tasks-island_2.json,48,5,reposition,repair,Reposition the mirror.,Repair the mirror.,Repair the mirror.
00662-aRKASs4e8j1\tasks-island_0.json,41,2,reposition,repair,Reposition the tap.,Repair the tap.,Repair the tap.
00662-aRKASs4e8j1\tasks-island_0.json,56,1,reposition,repair,Reposition the coat rack.,Repair the coat rack.,Repair the coat rack.
00662-aRKASs4e8j1\tasks-island_0.json,65,3,reposition,repair,Reposition the tap.,Repair the tap.,Repair the tap.
00662-aRKASs4e8j1\tasks-island_0.json,70,5,reposition,repair,Reposition the light fixture.,Repair the light fixture.,Repair the light fixture.
00664-u5atqC7vRCY\tasks-island_0.json,31,5,plug_in,charge,Plug in the cellular_telephone.,Charge the cellular_telephone.,Charge the cellular telephone.
00664-u5atqC7vRCY\tasks-island_0.json,145,4,attach,repair,Attach the railing.,Repair the railing where it's loose.,Repair the railing where it's loose.
00664-u5atqC7vRCY\tasks-island_0.json,162,5,plug_in,charge,Plug in the cellular_telephone.,Charge the cellular_telephone.,Charge the cellular telephone.
00664-u5atqC7vRCY\tasks-island_0.json,167,1,start_machine,brew,Start the coffee_maker.,Brew with the coffee_maker.,Brew coffee with the coffee maker.
00680-YmWinf3mhb5\tasks-island_0.json,27,3,start_machine,brew,Start the coffee machine.,Brew with the coffee machine.,Brew a fresh pot of coffee using the coffee machine.
00680-YmWinf3mhb5\tasks-island_0.json,47,5,start_machine,brew,Start the coffee machine.,Brew with the coffee machine.,Brew coffee with the coffee machine.
00685-ENiCjXWB6aQ\tasks-island_1.json,13,4,plug_in,charge,Plug in the cellular_telephone.,Charge the cellular_telephone.,Charge the cellular telephone.
00685-ENiCjXWB6aQ\tasks-island_3.json,33,3,reposition,repair,Reposition the cabinet drawer.,Repair the cabinet drawer track.,Repair the cabinet drawer track.
00688-SgkmkWjjmDJ\tasks-island_0.json,47,2,turn_on,light,Turn on the candlestick in the living room.,Light the candlestick in the living room.,Light the candlestick in the living room.
00688-SgkmkWjjmDJ\tasks-island_0.json,93,3,plug_in,charge,Plug in the cellular_telephone.,Charge the cellular_telephone.,Charge the cellular telephone.
00688-SgkmkWjjmDJ\tasks-island_0.json,105,3,plug_in,charge,Plug in the cellular_telephone.,Charge the cellular_telephone.,Charge the cellular telephone.
00712-HZ2iMMBsBQ9\tasks-island_0.json,91,6,plug_in,charge,Plug in the cellular_telephone.,Charge the cellular_telephone.,Charge the cellular telephone.
00712-HZ2iMMBsBQ9\tasks-island_0.json,97,6,open,unload,Open dishwasher.,Unload dishwasher.,Unload the dishwasher.
00712-HZ2iMMBsBQ9\tasks-island_0.json,163,4,plug_in,charge,Plug in the pad.,Charge the pad.,Charge the pad.
00712-HZ2iMMBsBQ9\tasks-island_0.json,165,7,plug_in,charge,Plug in the camera.,Charge the camera.,Charge the camera.
00712-HZ2iMMBsBQ9\tasks-island_0.json,173,7,plug_in,charge,Plug in the laptop_computer.,Charge the laptop_computer.,Charge the laptop computer.
00720-8B43pG641ff\tasks-island_0.json,43,4,turn_on,light,Turn on the candle.,Light the candle.,Light the candle
00720-8B43pG641ff\tasks-island_0.json,65,3,turn_on,light,Turn on the candle.,Light the candle.,Light the candle.
00720-8B43pG641ff\tasks-island_0.json,88,5,turn_on,light,Turn on the candle on the hearth.,Light the candle on the hearth.,Light the candle on the hearth.
00720-8B43pG641ff\tasks-island_0.json,119,1,turn_on,light,Turn on the candle.,Light the candle.,Light the candle.
00720-8B43pG641ff\tasks-island_0.json,167,3,turn_on,light,Turn on the candle.,Light the candle.,Light the candle.
00720-8B43pG641ff\tasks-island_1.json,3,1,set_control,tune,Adjust the electric guitar.,Tune the electric guitar.,Tune the electric guitar.
00720-8B43pG641ff\tasks-island_1.json,10,1,set_control,tune,Adjust the guitar.,Tune the guitar.,Tune the guitar.
00720-8B43pG641ff\tasks-island_1.json,48,2,set_control,tune,Adjust the electric guitar.,Tune the electric guitar.,Adjust the electric guitar.
00723-hWDDQnSDMXb\tasks-island_1.json,1,4,turn_on,light,Turn on the candle.,Light the candle.,Light the candle.
00723-hWDDQnSDMXb\tasks-island_1.json,27,2,turn_on,light,Turn on the candle.,Light the candle.,Light the candle.
00723-hWDDQnSDMXb\tasks-island_1.json,45,3,turn_on,light,Turn on the candle.,Light the candle.,Light the candle.
00723-hWDDQnSDMXb\tasks-island_1.json,60,3,turn_on,light,Turn on the candle.,Light the candle.,Light the candle.
00723-hWDDQnSDMXb\tasks-island_1.json,95,6,turn_on,light,Turn on the candle on the table.,Light the candle on the table.,Light the candle on the table.
00723-hWDDQnSDMXb\tasks-island_1.json,111,3,turn_on,light,Turn on the candle.,Light the candle.,Light the candle.
00723-hWDDQnSDMXb\tasks-island_1.json,131,2,turn_on,light,Turn on the candle.,Light the candle.,Light a decorative candle.
00723-hWDDQnSDMXb\tasks-island_1.json,162,5,turn_on,light,Turn on the candle.,Light the candle.,Light the candle.
00723-hWDDQnSDMXb\tasks-island_1.json,178,3,turn_on,light,Turn on the candle.,Light the candle.,Light the candle.
00723-hWDDQnSDMXb\tasks-island_1.json,187,1,open,unload,Open dishwasher.,Unload dishwasher.,Unload the dishwasher.
00723-hWDDQnSDMXb\tasks-island_1.json,189,3,turn_on,light,Turn on the candle.,Light the candle.,Light the candle.
00723-hWDDQnSDMXb\tasks-island_1.json,192,3,turn_on,light,Turn on the candle.,Light the candle.,Light the candle.
00733-GtM3JtRvvvR\tasks-island_0.json,90,5,reposition,repair,Reposition the wash cabinet.,Repair the wash cabinet.,Repair the wash cabinet.
00738-GPyDUnjwZQy\tasks-island_0.json,5,2,set_control,tune,Adjust the guitar.,Tune the guitar.,Tune the guitar.
00738-GPyDUnjwZQy\tasks-island_0.json,44,1,set_control,tune,Adjust the guitar.,Tune the guitar.,Tune the guitar.
00738-GPyDUnjwZQy\tasks-island_0.json,47,4,set_control,tune,Adjust the guitar.,Tune the guitar.,Tune the guitar.
00738-GPyDUnjwZQy\tasks-island_0.json,68,4,set_control,tune,Adjust the guitar.,Tune the guitar.,Tune the guitar.
00738-GPyDUnjwZQy\tasks-island_0.json,79,2,set_control,tune,Adjust the guitar.,Tune the guitar.,Tune the guitar.
00738-GPyDUnjwZQy\tasks-island_0.json,101,3,set_control,tune,Adjust the guitar.,Tune the guitar.,Tune the guitar.
00741-w8GiikYuFRk\tasks-island_0.json,15,2,turn_on,light,Turn on the candle holder.,Light the candle holder.,Turn on the candle holder for ambiance.
00741-w8GiikYuFRk\tasks-island_0.json,38,5,turn_on,light,Turn on the fireplace sconce.,Light the fireplace sconce.,Light the fireplace sconce.
00744-1S7LAXRdDqK\tasks-island_0.json,35,5,turn_on,light,Turn on the candle on the table.,Light the candle on the table.,Light the candle on the table.
00744-1S7LAXRdDqK\tasks-island_0.json,69,6,turn_on,light,Turn on the candle.,Light the candle.,Light the candle.
00744-1S7LAXRdDqK\tasks-island_0.json,80,2,turn_on,light,Turn on the candle.,Light the candle.,Light the candle.
00744-1S7LAXRdDqK\tasks-island_0.json,102,3,turn_on,light,Turn on the candle.,Light the candle.,Light the candle for better lighting.
00744-1S7LAXRdDqK\tasks-island_0.json,120,4,turn_on,light,Turn on the candle.,Light the candle.,Light the candle.
00744-1S7LAXRdDqK\tasks-island_1.json,3,1,set_control,tune,Adjust the guitar.,Tune the guitar.,Tune the guitar before practice.
00744-1S7LAXRdDqK\tasks-island_1.json,43,1,set_control,tune,Adjust the guitar.,Tune the guitar.,Tune the guitar.
00744-1S7LAXRdDqK\tasks-island_1.json,53,4,set_control,tune,Adjust the guitar.,Tune the guitar.,Tune the guitar.
00746-RTV2n6fXB2w\tasks-island_0.json,57,2,tighten,repair,Tighten the cabinet drawer.,Repair the loose cabinet drawer.,Repair the loose cabinet drawer.
00746-RTV2n6fXB2w\tasks-island_0.json,59,3,straighten,iron,Straighten the iron.,Iron the iron.,Iron the clothes with the iron.
00746-RTV2n6fXB2w\tasks-island_0.json,70,3,straighten,iron,Straighten the iron.,Iron the iron.,Iron the shirt using the iron.
00750-E1NrAhMoqvB\tasks-island_0.json,39,3,set_control,tune,Adjust the guitar.,Tune the guitar.,Tune the guitar.
00750-E1NrAhMoqvB\tasks-island_0.json,75,2,set_control,tune,Adjust the guitar.,Tune the guitar.,Tune the guitar.
00750-E1NrAhMoqvB\tasks-island_0.json,109,2,open,unload,Open dishwasher.,Unload dishwasher.,Unload the dishwasher.
00750-E1NrAhMoqvB\tasks-island_0.json,117,5,set_control,tune,Adjust the guitar.,Tune the guitar.,Tune the guitar.
00750-E1NrAhMoqvB\tasks-island_0.json,176,2,set_control,tune,Adjust the guitar.,Tune the guitar.,Tune the guitar.
00750-E1NrAhMoqvB\tasks-island_0.json,202,5,open,unload,Open dishwasher.,Unload dishwasher.,Unload the dishwasher.
00750-E1NrAhMoqvB\tasks-island_0.json,203,6,set_control,tune,Adjust the guitar.,Tune the guitar.,Tune the guitar.
00757-LVgQNuK8vtv\tasks-island_0.json,55,3,start_machine,brew,Start the coffee machine.,Brew with the coffee machine.,Brew coffee with the coffee machine.
00758-HfMobPm86Xn\tasks-island_0.json,20,2,open,unload,Open dishwasher.,Unload dishwasher.,Unload the dishwasher.
00758-HfMobPm86Xn\tasks-island_0.json,34,1,start_machine,brew,Start the coffee machine.,Brew with the coffee machine.,Brew coffee with the coffee machine.
00758-HfMobPm86Xn\tasks-island_0.json,65,3,attach,repair,Attach the shelf.,Repair the shelf.,Repair the shelf.
00758-HfMobPm86Xn\tasks-island_0.json,118,1,straighten,iron,Straighten items on the wash cabinet.,Iron items on the wash cabinet.,Iron the shirt on the wash cabinet.
00758-HfMobPm86Xn\tasks-island_0.json,146,5,reposition,repair,Reposition the locker.,Repair the locker handle.,Repair the locker handle.
00758-HfMobPm86Xn\tasks-island_0.json,178,1,start_machine,brew,Start the coffee machine.,Brew with the coffee machine.,Brew a fresh pot using the coffee machine.
00758-HfMobPm86Xn\tasks-island_0.json,184,3,open,unload,Open dishwasher.,Unload dishwasher.,Unload the dishwasher.
00758-HfMobPm86Xn\tasks-island_0.json,185,4,plug_in,charge,Plug in the cellular_telephone.,Charge the cellular_telephone.,Charge the cellular telephone.
00758-HfMobPm86Xn\tasks-island_0.json,216,5,open,unload,Open dishwasher.,Unload dishwasher.,Unload the dishwasher.
00758-HfMobPm86Xn\tasks-island_0.json,256,3,plug_in,charge,Plug in the cellular_telephone.,Charge the cellular_telephone.,Charge the cellular telephone.
00800-TEEsavR23oF\tasks-island_0.json,46,1,straighten,iron,Straighten the iron board.,Iron the iron board.,Iron the clothes.
00800-TEEsavR23oF\tasks-island_0.json,58,1,open,unload,Open dishwasher.,Unload dishwasher.,Unload the dishwasher.
00800-TEEsavR23oF\tasks-island_0.json,62,1,plug_in,charge,Plug in the laptop_computer.,Charge the laptop_computer.,Charge the laptop computer.
00802-wcojb4TFT35\tasks-island_2.json,23,5,tighten,repair,Tighten the chair.,Repair the chair.,Repair the chair.
00802-wcojb4TFT35\tasks-island_2.json,91,3,plug_in,charge,Plug in the laptop_computer.,Charge the laptop_computer.,Charge the laptop computer.
00802-wcojb4TFT35\tasks-island_2.json,98,7,open,unload,Open dishwasher.,Unload dishwasher.,Unload the dishwasher.
00808-y9hTuugGdiq\tasks-island_0.json,88,2,smooth,iron,Smooth the bed.,Iron the bed.,Iron on the bed.
00810-CrMo8WxCyVb\tasks-island_0.json,7,3,turn_on,light,Turn on the candlestick.,Light the candlestick.,Light the candlestick.
00810-CrMo8WxCyVb\tasks-island_0.json,72,5,turn_on,light,Turn on the candlestick.,Light the candlestick.,Light the candlestick for ambiance.
00810-CrMo8WxCyVb\tasks-island_0.json,78,3,reposition,repair,Reposition the sink.,Repair the sink.,Repair the sink.
00810-CrMo8WxCyVb\tasks-island_0.json,102,5,turn_on,light,Turn on the candlestick.,Light the candlestick.,Light the candlestick.
00810-CrMo8WxCyVb\tasks-island_0.json,117,3,reposition,repair,Reposition the cabinet.,Repair the cabinet.,Repair the cabinet.
00810-CrMo8WxCyVb\tasks-island_0.json,119,3,turn_on,light,Turn on the candlestick.,Light the candlestick.,Light the candlestick.
00810-CrMo8WxCyVb\tasks-island_0.json,134,5,reposition,repair,Reposition the cabinet.,Repair the hinge on the cabinet.,Repair the hinge on the cabinet.
00810-CrMo8WxCyVb\tasks-island_0.json,155,1,turn_on,light,Turn on the candlestick.,Light the candlestick.,Light the candlestick.
00810-CrMo8WxCyVb\tasks-island_0.json,171,4,turn_on,light,Turn on the candlestick.,Light the candlestick.,Light the candlestick.
00810-CrMo8WxCyVb\tasks-island_0.json,172,3,reposition,repair,Reposition the bench.,Repair the bench.,Repair the bench.
00810-CrMo8WxCyVb\tasks-island_0.json,172,7,straighten,repair,Straighten the frame.,Repair the frame.,Repair the frame.
00813-svBbv1Pavdk\tasks-island_0.json,25,1,plug_in,charge,Plug in the cellular_telephone.,Charge the cellular_telephone.,Charge the cellular telephone.
00814-p53SfW6mjZe\tasks-island_0.json,105,4,reposition,repair,Reposition the sink.,Repair the sink in the kitchen.,Repair the sink in the kitchen.
00814-p53SfW6mjZe\tasks-island_0.json,195,1,start_machine,brew,Start the coffee machine.,Brew with the coffee machine.,Brew coffee using the coffee machine.
00814-p53SfW6mjZe\tasks-island_0.json,203,4,start_machine,brew,Start the coffee machine.,Brew with the coffee machine.,Brew a fresh cup with the coffee machine.
00814-p53SfW6mjZe\tasks-island_0.json,293,7,tighten,repair,Tighten the board.,Repair the loose board.,Repair the loose board.
00815-h1zeeAwLh9Z\tasks-island_0.json,19,4,reposition,repair,Reposition the piano.,Repair the piano.,Repair the piano.
00820-mL8ThkuaVTM\tasks-island_0.json,12,1,set_control,tune,Adjust the guitar.,Tune the guitar.,Tune the guitar.
00820-mL8ThkuaVTM\tasks-island_0.json,17,1,straighten,iron,Straighten the bathrobe.,Iron the bathrobe.,Iron the bathrobe.
00820-mL8ThkuaVTM\tasks-island_0.json,91,1,set_control,tune,Adjust the guitar.,Tune the guitar.,Tune the guitar.
00820-mL8ThkuaVTM\tasks-island_0.json,98,2,set_control,tune,Adjust the guitar.,Tune the guitar.,Tune the guitar.
00821-eF36g7L6Z9M\tasks-island_0.json,152,2,start_machine,brew,Start the coffee machine.,Brew with the coffee machine.,Brew coffee with the coffee machine.
00823-7MXmsvcQjpJ\tasks-island_0.json,5,4,set_control,tune,Adjust the guitar.,Tune the guitar.,Tune the guitar.
00823-7MXmsvcQjpJ\tasks-island_0.json,45,2,set_control,tune,Adjust the guitar.,Tune the guitar.,Tune the guitar.
00823-7MXmsvcQjpJ\tasks-island_0.json,101,3,set_control,tune,Adjust the guitar.,Tune the guitar.,Tune the guitar.
00823-7MXmsvcQjpJ\tasks-island_0.json,120,4,set_control,tune,Adjust the guitar.,Tune the guitar.,Tune the guitar.
00823-7MXmsvcQjpJ\tasks-island_0.json,140,2,open,unload,Open dishwasher.,Unload dishwasher.,Unload the dishwasher.
00823-7MXmsvcQjpJ\tasks-island_0.json,188,1,set_control,tune,Adjust the guitar.,Tune the guitar.,Tune the guitar.
00831-yr17PDCnDDW\tasks-island_1.json,120,5,start_machine,brew,Start the coffee machine.,Brew with the coffee machine.,Brew a fresh pot in the coffee machine.
00839-zt1RVoi7PcG\tasks-island_0.json,117,5,reposition,repair,Reposition the fireplace.,Repair the fireplace in the lounge.,Repair the fireplace in the lounge.
00843-DYehNKdT76V\tasks-island_0.json,42,4,turn_on,brew,Turn on kettle.,Brew with kettle.,Brew some tea with the kettle.
00843-DYehNKdT76V\tasks-island_0.json,49,5,plug_in,charge,Plug in the cellular_telephone.,Charge the cellular_telephone.,Charge the cellular telephone.
00844-q5QZSEeHe5g\tasks-island_0.json,51,3,tighten,repair,Tighten the cabinet.,Repair the cabinet handle.,Repair the cabinet handle.
00853-5cdEh9F2hJL\tasks-island_0.json,32,2,open,unload,Open dishwasher.,Unload dishwasher.,Unload the clean dishes from the dishwasher.
00853-5cdEh9F2hJL\tasks-island_0.json,102,1,straighten,iron,Straighten the hanging clothes.,Iron the hanging clothes.,Iron the hanging clothes.
00871-VBzV5z6i1WS\tasks-island_0.json,114,2,start_machine,brew,Start the coffee machine.,Brew with the coffee machine.,Brew coffee with the coffee machine.
00873-bxsVRursffK\tasks-island_0.json,0,2,start_machine,brew,Start the coffee machine.,Brew with the coffee machine.,Brew a fresh cup of coffee with the coffee machine.
00873-bxsVRursffK\tasks-island_0.json,47,5,turn_on,light,Turn on the candle holder.,Light the candle holder.,Light the candle holder for atmosphere.
00873-bxsVRursffK\tasks-island_0.json,87,2,turn_on,light,Turn on the candle holder.,Light the candle holder.,Light the candle holder.
00873-bxsVRursffK\tasks-island_0.json,108,5,open,unload,Open dishwasher.,Unload dishwasher.,Unload the dishwasher.
00873-bxsVRursffK\tasks-island_0.json,115,6,start_machine,brew,Start the coffee machine.,Brew with the coffee machine.,Brew coffee with the coffee machine.
00873-bxsVRursffK\tasks-island_0.json,129,6,turn_on,light,Turn on the candle holder.,Light the candle holder.,Light the candle holder.
00876-mv2HUxq3B53\tasks-island_0.json,129,3,open,unload,Open dishwasher.,Unload dishwasher.,Unload the dishwasher.
00876-mv2HUxq3B53\tasks-island_0.json,186,6,reposition,repair,Reposition the support beam.,Repair the support beam.,Repair the support beam.
00878-XB4GS9ShBRE\tasks-island_0.json,59,2,open,unload,Open dishwasher.,Unload dishwasher.,Unload the dishwasher.
00878-XB4GS9ShBRE\tasks-island_0.json,65,1,set_control,tune,Adjust the guitar.,Tune the guitar.,Tune the guitar.
00878-XB4GS9ShBRE\tasks-island_0.json,78,5,open,unload,Open dishwasher.,Unload dishwasher.,Unload the dishwasher.
00878-XB4GS9ShBRE\tasks-island_0.json,93,6,set_control,tune,Adjust the guitar.,Tune the guitar.,Tune the guitar.
00878-XB4GS9ShBRE\tasks-island_0.json,100,6,set_control,tune,Adjust the guitar.,Tune the guitar.,Tune the guitar.
00878-XB4GS9ShBRE\tasks-island_0.json,111,6,set_control,tune,Adjust the guitar.,Tune the guitar.,Tune the guitar.
00880-Nfvxx8J5NCo\tasks-island_0.json,39,4,straighten,iron,Straighten items on the ironing board.,Iron items on the ironing board.,Iron a shirt on the ironing board.
00880-Nfvxx8J5NCo\tasks-island_0.json,55,6,straighten,iron,Straighten items on the ironing board.,Iron items on the ironing board.,Iron a shirt on the ironing board.
00890-6s7QHgap2fW\tasks-island_0.json,122,6,open,unload,Open dishwasher.,Unload dishwasher.,Unload the dishwasher.
00890-6s7QHgap2fW\tasks-island_0.json,135,4,smooth,iron,Smooth the curtain.,Iron the curtain.,Iron the curtain for the nursery.
00891-cvZr5TUy5C5\tasks-island_0.json,34,2,set_control,tune,Adjust the guitar.,Tune the guitar.,Tune the guitar.
00891-cvZr5TUy5C5\tasks-island_0.json,64,1,open,unload,Open dishwasher.,Unload dishwasher.,Unload the dishwasher.
00891-cvZr5TUy5C5\tasks-island_0.json,92,1,set_control,tune,Adjust the guitar.,Tune the guitar.,Tune the guitar.
00891-cvZr5TUy5C5\tasks-island_0.json,106,3,turn_on,light,Turn on the candle holder.,Light the candle holder.,Light a candle holder.
00891-cvZr5TUy5C5\tasks-island_0.json,141,1,set_control,tune,Adjust the guitar in the lounge.,Tune the guitar in the lounge.,Tune the guitar in the lounge.
00891-cvZr5TUy5C5\tasks-island_0.json,167,3,reposition,repair,Reposition the cabinet.,Repair the cabinet door.,Repair the cabinet door.
00891-cvZr5TUy5C5\tasks-island_0.json,168,3,set_control,tune,Adjust the guitar.,Tune the guitar.,Tune the guitar.
00891-cvZr5TUy5C5\tasks-island_0.json,198,1,set_control,tune,Adjust the guitar for playing.,Tune the guitar for playing.,Tune the guitar for playing.
00894-HY1NcmCgn3n\tasks-island_0.json,3,1,turn_on,light,Turn on the candlestick.,Light the candlestick.,Light the candlestick.
00894-HY1NcmCgn3n\tasks-island_0.json,10,2,turn_on,light,Turn on the candlestick.,Light the candlestick.,Light the candlestick.
00894-HY1NcmCgn3n\tasks-island_0.json,34,4,turn_on,light,Turn on the candlestick.,Light the candlestick.,Light the candlestick.
00894-HY1NcmCgn3n\tasks-island_0.json,49,4,turn_on,light,Turn on the candlestick.,Light the candlestick.,Light the candlestick.
