file,task_idx,step_id,step,atomic_step,verdict,new_action,new_text,note
00009-vLpv2VX547B/tasks-island_0.json,7,4,Adjust the hair dryer in the bathroom cabinet.,Place bathroom cabinet in receptacle.,G2_tidy,straighten,Straighten the hair dryer.,adjust=调整→straighten
00009-vLpv2VX547B/tasks-island_0.json,128,2,Put it in the box.,Store the box.,FLAG,,,代词受事无法还原
00009-vLpv2VX547B/tasks-island_0.json,260,2,Place it in the storage box.,Store the storage box.,FLAG,,,代词受事无法还原
00017-oEPjPNSPmzL/tasks-island_1.json,88,3,Re-position the decorative plant.,Place decorative plant on surface.,G2_tidy,reposition,Reposition the decorative plant.,连字符导致解析失败
00022-gmuS7Wgsbrx/tasks-island_0.json,159,2,Sort them on the book rack.,Place book rack on surface.,G1_fix,place_on,Place the them on the book rack.,sort→place_on
00022-gmuS7Wgsbrx/tasks-island_0.json,391,2,Put them in the basket.,Store the basket.,FLAG,,,代词受事无法还原
00022-gmuS7Wgsbrx/tasks-island_0.json,400,1,Gather books from the book rack.,Place book rack on surface.,G1_fix,place_on,Place the books from the book rack.,gather→place_on
00022-gmuS7Wgsbrx/tasks-island_0.json,403,2,Put it in the backpack.,Store the backpack.,FLAG,,,代词受事无法还原
00025-ixTj1aTMup2/tasks-island_0.json,19,3,Set the cooker to off.,Place cooker on surface.,FLAG,,,"设备控制义,当前action可能已正确(set_control/turn_on)"
00034-6imZUJGRUq4/tasks-island_0.json,4,2,Put them in the basket.,Store the basket.,FLAG,,,代词受事无法还原
00034-6imZUJGRUq4/tasks-island_0.json,6,2,Put it in the storage box.,Store the storage box.,FLAG,,,代词受事无法还原
00055-HxmXPBbFCkH/tasks-island_1.json,67,5,Align books on the shelf.,Place shelf on surface.,G1_fix,align,Align the books on the shelf.,align→align
00057-1UnKg1rAb8A/tasks-island_0.json,70,2,Fold the clothes into the chest of drawers.,Place chest of drawers in receptacle.,G1_fix,fold,Fold the clothes into the chest of drawers.,fold保真
00057-1UnKg1rAb8A/tasks-island_0.json,77,5,Fold clothes into the drawer.,Place drawer in receptacle.,G1_fix,fold,Fold the clothes into the drawer.,fold保真
00057-1UnKg1rAb8A/tasks-island_1.json,34,1,Adjust the bedding in the cradle.,Place cradle in receptacle.,G2_tidy,straighten,Straighten the bedding.,adjust=调整→straighten
00057-1UnKg1rAb8A/tasks-island_1.json,34,6,Neatly arrange books on the shelf.,Place shelf on surface.,G1_fix,place_on,Place the books on the shelf.,"副词前缀导致解析失败,手动G1"
00064-gQgtJ9Stk5s/tasks-island_0.json,63,2,Reorganize the shelving in the dining room.,Place shelving in receptacle.,G1_fix,place_in,Place the shelving in the dining room.,reorganize→place
00064-gQgtJ9Stk5s/tasks-island_0.json,76,2,Reorganize the shelving in the dining room.,Place shelving in receptacle.,G1_fix,place_in,Place the shelving in the dining room.,reorganize→place
00096-6HRFAUDqpTb/tasks-island_0.json,53,1,Put on the rack of weights.,Place the rack of weights.,G2_tidy,straighten,Straighten the rack of weights.,"穿戴义无对应动作,降级straighten(整理)"
00096-6HRFAUDqpTb/tasks-island_0.json,77,5,Reorganize the shelf in the refrigerator.,Place refrigerator in receptacle.,G1_fix,place_in,Place the shelf in the refrigerator.,reorganize→place
00105-xWvSkKiWQpC/tasks-island_0.json,149,2,File in the file cabinet.,Store the file cabinet.,G1_fix,store,Store the files in the file cabinet.,file=归档→store
00109-GTV2Y73Sn5t/tasks-island_0.json,139,4,File in the cabinet.,Store the cabinet.,G1_fix,store,Store the files in the cabinet.,file=归档→store
00109-GTV2Y73Sn5t/tasks-island_0.json,177,5,Put on the backpack.,Store the backpack.,G2_tidy,straighten,Straighten the backpack.,"穿戴义无对应动作,降级straighten(整理)"
00135-HeSYRw7eMtG/tasks-island_0.json,29,3,Put on the handbag.,Place the handbag.,G2_tidy,straighten,Straighten the handbag.,"穿戴义无对应动作,降级straighten(整理)"
00135-HeSYRw7eMtG/tasks-island_0.json,37,2,Put them in the basket.,Store the basket.,FLAG,,,代词受事无法还原
00135-HeSYRw7eMtG/tasks-island_0.json,54,2,Put it in the basket.,Store the basket.,FLAG,,,代词受事无法还原
00143-5Kw4nGdqYtS/tasks-island_0.json,96,6,Put on the shoe.,Place the shoe.,G2_tidy,straighten,Straighten the shoe.,"穿戴义无对应动作,降级straighten(整理)"
00150-LcAd9dhvVwh/tasks-island_0.json,129,4,Put it in the storage box.,Store the storage box.,FLAG,,,代词受事无法还原
00155-iLDo95ZbDJq/tasks-island_0.json,103,3,Put them in the basket.,Store the basket.,FLAG,,,代词受事无法还原
00172-bB6nKqfsb1z/tasks-island_0.json,9,4,Put them in the bag.,Store the bag.,FLAG,,,代词受事无法还原
00173-qZ4B7U6XE5Y/tasks-island_0.json,124,3,Hide things in the box.,Place box in receptacle.,G1_fix,place_in,Place the things in the box.,hide→place_in
00203-VoVGtfYrpuQ/tasks-island_0.json,155,2,Put on the shoe.,Place the shoe.,G2_tidy,straighten,Straighten the shoe.,"穿戴义无对应动作,降级straighten(整理)"
00205-NEVASPhcrxR/tasks-island_1.json,13,2,Put it in the bin.,Store the bin.,FLAG,,,代词受事无法还原
00205-NEVASPhcrxR/tasks-island_3.json,86,5,Put on the jewelry.,Place the jewelry.,G2_tidy,straighten,Straighten the jewelry.,"穿戴义无对应动作,降级straighten(整理)"
00205-NEVASPhcrxR/tasks-island_3.json,96,3,Put on the backpack.,Store the backpack.,G2_tidy,straighten,Straighten the backpack.,"穿戴义无对应动作,降级straighten(整理)"
00238-j6fHrce9pHR/tasks-island_0.json,31,2,Put it in the backpack.,Store the backpack.,FLAG,,,代词受事无法还原
00238-j6fHrce9pHR/tasks-island_0.json,91,3,Put on the shoe.,Place the shoe.,G2_tidy,straighten,Straighten the shoe.,"穿戴义无对应动作,降级straighten(整理)"
00238-j6fHrce9pHR/tasks-island_0.json,147,1,Repot the plant in the flowerpot.,Place the flowerpot.,G1_fix,place_in,Place the plant in the flowerpot.,repot→place_in
00238-j6fHrce9pHR/tasks-island_0.json,156,1,Put on the shoe.,Place the shoe.,G2_tidy,straighten,Straighten the shoe.,"穿戴义无对应动作,降级straighten(整理)"
00250-U3oQjwTuMX8/tasks-island_0.json,15,3,Serve on the tray.,Place the tray.,FLAG,,,省略受事
00250-U3oQjwTuMX8/tasks-island_0.json,80,1,Repot the plant in the flowerpot.,Place the flowerpot.,G1_fix,place_in,Place the plant in the flowerpot.,repot→place_in
00251-wsAYBFtQaL7/tasks-island_0.json,272,3,Fold items in the chest of drawers.,Place chest of drawers in receptacle.,G1_fix,fold,Fold the items in the chest of drawers.,fold保真
00254-YMNvYDhK8mB/tasks-island_1.json,175,3,Organize everything into the binder.,Place binder in receptacle.,FLAG,,,未分类: organize everything into the binder.
00254-YMNvYDhK8mB/tasks-island_1.json,187,4,Neatly arrange items in the cabinet.,Place cabinet in receptacle.,G1_fix,place_in,Place the items in the cabinet.,"副词前缀导致解析失败,手动G1"
00262-1xGrZPxG1Hz/tasks-island_1.json,45,1,Fold the clothes on the iron board.,Place iron board on surface.,G1_fix,fold,Fold the clothes on the iron board.,fold保真
00263-GGBvSFddQgs/tasks-island_2.json,168,6,Put them in the basket.,Store the basket.,FLAG,,,代词受事无法还原
00269-JNiWU5TZLtt/tasks-island_0.json,30,2,Put it in the bag.,Store the bag.,FLAG,,,代词受事无法还原
00269-JNiWU5TZLtt/tasks-island_0.json,49,4,Put it in the bin.,Store the bin.,FLAG,,,代词受事无法还原
00272-kA2nG18hCAr/tasks-island_0.json,0,4,Place it in the basket.,Store the basket.,FLAG,,,代词受事无法还原
00272-kA2nG18hCAr/tasks-island_0.json,41,2,Put them in the basket.,Store the basket.,FLAG,,,代词受事无法还原
00272-kA2nG18hCAr/tasks-island_0.json,49,2,Adjust the seat on the exercise bike.,Place exercise bike on surface.,G2_tidy,straighten,Straighten the seat.,adjust=调整→straighten
00272-kA2nG18hCAr/tasks-island_1.json,3,2,Place it in the storage box.,Store the storage box.,FLAG,,,代词受事无法还原
00294-PPTLa8SkUfo/tasks-island_0.json,47,3,Place on the stove.,Place the stove.,FLAG,,,省略受事
00299-bdp1XNEdvmW/tasks-island_0.json,32,2,Put them in the basket.,Store the basket.,FLAG,,,代词受事无法还原
00299-bdp1XNEdvmW/tasks-island_0.json,87,3,Put them in the basket.,Store the basket.,FLAG,,,代词受事无法还原
00313-PE6kVEtrxtj/tasks-island_0.json,20,3,Put on the bench.,Place the bench.,G2_tidy,straighten,Straighten the bench.,"穿戴义无对应动作,降级straighten(整理)"
00327-xgLmjqzoAzF/tasks-island_0.json,17,4,Put on the shoe.,Place the shoe.,G2_tidy,straighten,Straighten the shoe.,"穿戴义无对应动作,降级straighten(整理)"
00327-xgLmjqzoAzF/tasks-island_0.json,56,5,Put on the bag.,Store the bag.,G2_tidy,straighten,Straighten the bag.,"穿戴义无对应动作,降级straighten(整理)"
00327-xgLmjqzoAzF/tasks-island_0.json,143,2,Put them in the bag.,Store the bag.,FLAG,,,代词受事无法还原
00327-xgLmjqzoAzF/tasks-island_0.json,161,2,Adjust the weight on the exercise equipment.,Place exercise equipment on surface.,G2_tidy,straighten,Straighten the weight.,adjust=调整→straighten
00327-xgLmjqzoAzF/tasks-island_0.json,169,3,Adjust the brightness on the screen.,Place screen on surface.,G2_tidy,straighten,Straighten the brightness.,adjust=调整→straighten
00327-xgLmjqzoAzF/tasks-island_0.json,264,2,Put on the robe.,Place the robe.,G2_tidy,straighten,Straighten the robe.,"穿戴义无对应动作,降级straighten(整理)"
00327-xgLmjqzoAzF/tasks-island_0.json,312,5,Put on the shoe.,Place the shoe.,G2_tidy,straighten,Straighten the shoe.,"穿戴义无对应动作,降级straighten(整理)"
00366-fxbzYAGkrtm/tasks-island_0.json,43,2,Place it in the basket.,Store the basket.,FLAG,,,代词受事无法还原
00378-DqJKU7YU7dA/tasks-island_1.json,72,4,Put them in the bin.,Store the bin.,FLAG,,,代词受事无法还原
00378-DqJKU7YU7dA/tasks-island_1.json,271,6,Put on a record on the music player.,Place music player on surface.,G2_tidy,straighten,Straighten the record on the music player.,"穿戴义无对应动作,降级straighten(整理)"
00378-DqJKU7YU7dA/tasks-island_1.json,285,6,Put on the music player.,Place the music player.,G2_tidy,straighten,Straighten the music player.,"穿戴义无对应动作,降级straighten(整理)"
00382-S7uMvxjBVZq/tasks-island_0.json,24,3,Put on the shoe.,Place the shoe.,G2_tidy,straighten,Straighten the shoe.,"穿戴义无对应动作,降级straighten(整理)"
00382-S7uMvxjBVZq/tasks-island_0.json,70,3,Put on the backpack.,Store the backpack.,G2_tidy,straighten,Straighten the backpack.,"穿戴义无对应动作,降级straighten(整理)"
00382-S7uMvxjBVZq/tasks-island_0.json,77,4,Put them in the backpack.,Store the backpack.,FLAG,,,代词受事无法还原
00382-S7uMvxjBVZq/tasks-island_0.json,172,2,Put on the shoe.,Place the shoe.,G2_tidy,straighten,Straighten the shoe.,"穿戴义无对应动作,降级straighten(整理)"
00382-S7uMvxjBVZq/tasks-island_0.json,192,5,Put on the shoe.,Place the shoe.,G2_tidy,straighten,Straighten the shoe.,"穿戴义无对应动作,降级straighten(整理)"
00384-ceJTwFNjqCt/tasks-island_0.json,23,1,Neatly arrange the brochures on the stand.,Place brochures on surface.,G1_fix,place_on,Place the brochures on the stand.,"副词前缀导致解析失败,手动G1"
00384-ceJTwFNjqCt/tasks-island_0.json,31,4,Update the labels on the shelf.,Place shelf on surface.,G1_fix,place_on,Place the labels on the shelf.,update→place_on
00386-b3WpMbPFB6q/tasks-island_0.json,21,2,Put them in the basket.,Store the basket.,FLAG,,,代词受事无法还原
00386-b3WpMbPFB6q/tasks-island_0.json,199,6,Place it in the box.,Store the box.,FLAG,,,代词受事无法还原
00410-v7DzfFFEpsD/tasks-island_1.json,242,5,Put in the bag.,Store the bag.,FLAG,,,省略受事
00422-8wJuSPJ9FXG/tasks-island_0.json,125,1,Adjust the shower head on the shower hose.,Place shower hose on surface.,G2_tidy,straighten,Straighten the shower head.,adjust=调整→straighten
00434-L5QEsaVqwrY/tasks-island_0.json,166,4,Put on the shoe.,Place the shoe.,G2_tidy,straighten,Straighten the shoe.,"穿戴义无对应动作,降级straighten(整理)"
00434-L5QEsaVqwrY/tasks-island_0.json,176,4,Put on the shoe.,Place the shoe.,G2_tidy,straighten,Straighten the shoe.,"穿戴义无对应动作,降级straighten(整理)"
00434-L5QEsaVqwrY/tasks-island_0.json,223,3,Put on the shoe.,Place the shoe.,G2_tidy,straighten,Straighten the shoe.,"穿戴义无对应动作,降级straighten(整理)"
00434-L5QEsaVqwrY/tasks-island_0.json,443,2,Place it in the storage box.,Store the storage box.,FLAG,,,代词受事无法还原
00475-g7hUFVNac26/tasks-island_0.json,467,2,Adjust the resistance on the exercise bike.,Place exercise bike on surface.,G2_tidy,straighten,Straighten the resistance.,adjust=调整→straighten
00495-CQWES1bawee/tasks-island_0.json,167,4,Put them in the suitcase.,Store the suitcase.,FLAG,,,代词受事无法还原
00534-DBBESbk4Y3k/tasks-island_0.json,28,5,Set the backpack aside to reach the plants.,Place backpack on surface.,FLAG,,,"设备控制义,当前action可能已正确(set_control/turn_on)"
00541-FnDDfrBZPhh/tasks-island_0.json,35,2,Put them in the basket.,Store the basket.,FLAG,,,代词受事无法还原
00541-FnDDfrBZPhh/tasks-island_0.json,73,6,Put on the shoe.,Place the shoe.,G2_tidy,straighten,Straighten the shoe.,"穿戴义无对应动作,降级straighten(整理)"
00541-FnDDfrBZPhh/tasks-island_0.json,99,6,Put on the shoe.,Place the shoe.,G2_tidy,straighten,Straighten the shoe.,"穿戴义无对应动作,降级straighten(整理)"
00547-9h5JJxM6E5S/tasks-island_0.json,24,3,Fold laundry and put it in the chest of drawers.,Place chest of drawers in receptacle.,G1_fix,fold,Fold the laundry and put it in the chest of drawers.,fold保真
00560-gjhYih4upQ9/tasks-island_0.json,159,1,Turn up the heat on the furnace.,Place furnace in receptacle.,FLAG,,,设备控制义
00591-JptJPosx1Z6/tasks-island_0.json,6,4,Put on the backpack.,Store the backpack.,G2_tidy,straighten,Straighten the backpack.,"穿戴义无对应动作,降级straighten(整理)"
00591-JptJPosx1Z6/tasks-island_0.json,12,2,Put it in the storage box.,Store the storage box.,FLAG,,,代词受事无法还原
00591-JptJPosx1Z6/tasks-island_0.json,32,4,Put on the shoe.,Place the shoe.,G2_tidy,straighten,Straighten the shoe.,"穿戴义无对应动作,降级straighten(整理)"
00591-JptJPosx1Z6/tasks-island_0.json,69,2,Put them in the basket.,Store the basket.,FLAG,,,代词受事无法还原
00591-JptJPosx1Z6/tasks-island_0.json,213,1,Put on the shoe.,Place the shoe.,G2_tidy,straighten,Straighten the shoe.,"穿戴义无对应动作,降级straighten(整理)"
00598-mt9H8KcxRKD/tasks-island_0.json,148,5,Neatly arrange items on the shelf.,Place shelf on surface.,G1_fix,place_on,Place the items on the shelf.,"副词前缀导致解析失败,手动G1"
00606-W16Bm4ysK8v/tasks-island_0.json,73,1,Adjust the settings on the boiler.,Place boiler on surface.,G2_tidy,straighten,Straighten the settings.,adjust=调整→straighten
00612-GsQBY83r3hb/tasks-island_0.json,57,4,Set the heater to a comfortable level.,Place heater on surface.,FLAG,,,"设备控制义,当前action可能已正确(set_control/turn_on)"
00624-ooq3SnvC79d/tasks-island_0.json,28,5,Adjust the settings on the dehumidifier.,Place dehumidifier on surface.,G2_tidy,straighten,Straighten the settings.,adjust=调整→straighten
00624-ooq3SnvC79d/tasks-island_0.json,33,2,Neatly arrange the alcohol bottles on the shelf.,Place alcohol bottles on surface.,G1_fix,place_on,Place the alcohol bottles on the shelf.,"副词前缀导致解析失败,手动G1"
00624-ooq3SnvC79d/tasks-island_0.json,88,5,Put on the handbag.,Place the handbag.,G2_tidy,straighten,Straighten the handbag.,"穿戴义无对应动作,降级straighten(整理)"
00626-XiJhRLvpKpX/tasks-island_0.json,277,6,Put on the handbag.,Place the handbag.,G2_tidy,straighten,Straighten the handbag.,"穿戴义无对应动作,降级straighten(整理)"
00638-iePHCSf119p/tasks-island_0.json,30,4,Put it in the backpack.,Store the backpack.,FLAG,,,代词受事无法还原
00657-TSJmdttd2GV/tasks-island_2.json,72,6,Put on the handbag.,Place the handbag.,G2_tidy,straighten,Straighten the handbag.,"穿戴义无对应动作,降级straighten(整理)"
00664-u5atqC7vRCY/tasks-island_0.json,124,1,Set the coffee maker to start brewing.,Place coffee maker on surface.,FLAG,,,"设备控制义,当前action可能已正确(set_control/turn_on)"
00680-YmWinf3mhb5/tasks-island_0.json,48,3,Refill the watering can at the sink.,Place sink in receptacle.,G1_fix,fill,Fill the watering can at the sink.,refill→fill
00680-YmWinf3mhb5/tasks-island_0.json,117,7,Place on the coffee table.,Place the coffee table.,FLAG,,,省略受事
00680-YmWinf3mhb5/tasks-island_0.json,122,7,Place on the coffee table.,Place the coffee table.,FLAG,,,省略受事
00696-DsEJeNPcZtE/tasks-island_2.json,15,3,Group items into the basket.,Place basket in receptacle.,G1_fix,place_in,Place the items into the basket.,group→place_in
00712-HZ2iMMBsBQ9/tasks-island_0.json,68,4,Put it in the box.,Store the box.,FLAG,,,代词受事无法还原
00723-hWDDQnSDMXb/tasks-island_1.json,70,4,Put on the speaker.,Place the speaker.,G2_tidy,straighten,Straighten the speaker.,"穿戴义无对应动作,降级straighten(整理)"
00723-hWDDQnSDMXb/tasks-island_1.json,76,5,Put on the backpack.,Store the backpack.,G2_tidy,straighten,Straighten the backpack.,"穿戴义无对应动作,降级straighten(整理)"
00723-hWDDQnSDMXb/tasks-island_1.json,147,5,Put on the radio.,Place the radio.,G2_tidy,straighten,Straighten the radio.,"穿戴义无对应动作,降级straighten(整理)"
00723-hWDDQnSDMXb/tasks-island_1.json,174,2,Put it in the backpack.,Store the backpack.,FLAG,,,代词受事无法还原
00732-Z2DQddYp1fn/tasks-island_0.json,99,4,Put on the shoe.,Place the shoe.,G2_tidy,straighten,Straighten the shoe.,"穿戴义无对应动作,降级straighten(整理)"
00746-RTV2n6fXB2w/tasks-island_0.json,5,4,Put on the apron before cleaning the instruments.,Place the apron.,G2_tidy,straighten,Straighten the apron before cleaning the instruments.,"穿戴义无对应动作,降级straighten(整理)"
00746-RTV2n6fXB2w/tasks-island_0.json,73,3,Put on the apron.,Place the apron.,G2_tidy,straighten,Straighten the apron.,"穿戴义无对应动作,降级straighten(整理)"
00746-RTV2n6fXB2w/tasks-island_0.json,83,2,Put on the apron.,Place the apron.,G2_tidy,straighten,Straighten the apron.,"穿戴义无对应动作,降级straighten(整理)"
00746-RTV2n6fXB2w/tasks-island_0.json,93,2,Put on the apron.,Place the apron.,G2_tidy,straighten,Straighten the apron.,"穿戴义无对应动作,降级straighten(整理)"
00746-RTV2n6fXB2w/tasks-island_0.json,96,6,Put on the apron.,Place the apron.,G2_tidy,straighten,Straighten the apron.,"穿戴义无对应动作,降级straighten(整理)"
00750-E1NrAhMoqvB/tasks-island_0.json,195,7,Put on the shoe.,Place the shoe.,G2_tidy,straighten,Straighten the shoe.,"穿戴义无对应动作,降级straighten(整理)"
00757-LVgQNuK8vtv/tasks-island_0.json,14,2,Put them in the basket.,Store the basket.,FLAG,,,代词受事无法还原
00758-HfMobPm86Xn/tasks-island_0.json,137,4,Fold clean laundry on the seat.,Place seat on surface.,G1_fix,fold,Fold the clean laundry on the seat.,fold保真
00800-TEEsavR23oF/tasks-island_0.json,48,2,Place it in the basket.,Store the basket.,FLAG,,,代词受事无法还原
00800-TEEsavR23oF/tasks-island_0.json,107,4,Put on the kitchen cabinet.,Place the kitchen cabinet.,G2_tidy,straighten,Straighten the kitchen cabinet.,"穿戴义无对应动作,降级straighten(整理)"
00802-wcojb4TFT35/tasks-island_2.json,49,2,Put it in the bag.,Store the bag.,FLAG,,,代词受事无法还原
00802-wcojb4TFT35/tasks-island_3.json,3,2,Place it in the basket.,Store the basket.,FLAG,,,代词受事无法还原
00803-k1cupFYWXJ6/tasks-island_0.json,62,3,Position the exhibition panel in the next hall.,Place exhibition panel in receptacle.,G1_fix,place_in,Place the exhibition panel in the next hall.,position→place
00808-y9hTuugGdiq/tasks-island_0.json,33,2,Put on some soft music on the stereo.,Place stereo on surface.,FLAG,,,"播放音乐义,无对应动作"
00808-y9hTuugGdiq/tasks-island_0.json,77,4,Fold clothes on the chest of drawers.,Place chest of drawers on surface.,G1_fix,fold,Fold the clothes on the chest of drawers.,fold保真
00808-y9hTuugGdiq/tasks-island_0.json,141,5,Place it in the basket.,Store the basket.,FLAG,,,代词受事无法还原
00810-CrMo8WxCyVb/tasks-island_0.json,192,4,Put on the handbag.,Place the handbag.,G2_tidy,straighten,Straighten the handbag.,"穿戴义无对应动作,降级straighten(整理)"
00814-p53SfW6mjZe/tasks-island_0.json,73,3,Empty debris into the basket.,Place basket in receptacle.,G1_fix,place_in,Place the debris into the basket.,empty→place_in
00815-h1zeeAwLh9Z/tasks-island_0.json,4,3,Put on the backpack.,Store the backpack.,G2_tidy,straighten,Straighten the backpack.,"穿戴义无对应动作,降级straighten(整理)"
00815-h1zeeAwLh9Z/tasks-island_0.json,80,2,Put on the handbag.,Place the handbag.,G2_tidy,straighten,Straighten the handbag.,"穿戴义无对应动作,降级straighten(整理)"
00815-h1zeeAwLh9Z/tasks-island_0.json,85,3,Re-position the statue.,Place statue on surface.,G2_tidy,reposition,Reposition the statue.,连字符导致解析失败
00821-eF36g7L6Z9M/tasks-island_0.json,66,3,Put them in the basket.,Store the basket.,FLAG,,,代词受事无法还原
00831-yr17PDCnDDW/tasks-island_1.json,157,4,File into the cabinet.,Store the cabinet.,G1_fix,store,Store the files in the cabinet.,file=归档→store
00839-zt1RVoi7PcG/tasks-island_0.json,56,5,Put on the shoe.,Place the shoe.,G2_tidy,straighten,Straighten the shoe.,"穿戴义无对应动作,降级straighten(整理)"
00839-zt1RVoi7PcG/tasks-island_0.json,174,7,Set the machine to heat the room.,Place machine on surface.,FLAG,,,"设备控制义,当前action可能已正确(set_control/turn_on)"
00844-q5QZSEeHe5g/tasks-island_5.json,46,4,Set aside the board to clear the path.,Place board on surface.,FLAG,,,"设备控制义,当前action可能已正确(set_control/turn_on)"
00853-5cdEh9F2hJL/tasks-island_0.json,147,5,Fold clothes into the chest drawer.,Place chest drawer in receptacle.,G1_fix,fold,Fold the clothes into the chest drawer.,fold保真
00862-LT9Jq6dN3Ea/tasks-island_0.json,38,4,Place on the kitchen countertop items.,Place the kitchen countertop items.,FLAG,,,省略受事
00869-MHPLjHsuG27/tasks-island_1.json,47,2,Set the radio to a soft station.,Place radio on surface.,FLAG,,,"设备控制义,当前action可能已正确(set_control/turn_on)"
00871-VBzV5z6i1WS/tasks-island_0.json,124,2,Adjust the items on the dresser.,Place dresser on surface.,G2_tidy,straighten,Straighten the items.,adjust=调整→straighten
00890-6s7QHgap2fW/tasks-island_0.json,41,2,Put it in the box.,Store the box.,FLAG,,,代词受事无法还原
00890-6s7QHgap2fW/tasks-island_0.json,97,2,Put it in the backpack.,Store the backpack.,FLAG,,,代词受事无法还原
00890-6s7QHgap2fW/tasks-island_0.json,191,6,Fold the dried items on the iron board.,Place iron board on surface.,G1_fix,fold,Fold the dried items on the iron board.,fold保真
